Janet's ducks lay 16 eggs a day. She eats three for breakfast every morning and bakes muffins for her friends every day using four. She sells the rest every day at the farmers market for $2 per fresh duck egg. How much in dollars does she make at the farmers market each day?	18
The robe requires 2 skeins of blue yarn and half as much white yarn. How many skeins are required?	3
Josh decides to resell the house. He buys a house for $80,000 and invests $50,000 in renovations. This increased the value of the house by 150%. What benefit did he get?	70000
James decides to run 3 sprints 3 times a week. He runs 60 meters in each sprint. How many meters does he run per week?	540
Every day, Wendy feeds each of her chickens three cups of mixed chicken feed containing seeds, mealworms and vegetables to keep them healthy. She feeds the chickens in three separate meals. In the morning she gives her flock of chickens 15 cups of feed. During the day, she gives her chickens another 25 cups of feed. How many cups of feed should she give her chickens at their last meal of the day if Wendy's flock size is 20 chickens?	20
Kylar went to the store to buy glasses for his new apartment. One glass costs $5, but every second glass costs only 60% of the price. Kylar wants to buy 16 glasses. How much should he pay for them?	64
Toulouse has twice as many sheep as Charleston. Charleston has 4 times more sheep than Seattle. How many sheep are there in Toulouse, Charleston, and Seattle combined if there are 20 sheep in Seattle?	260
Carla uploads a 200 GB file. Typically it can download 2GB per minute, but at 40% of the load Windows does a forced restart to install updates, which takes 20 minutes. After this, Carla has to restart the download from the beginning. How long does it take to download a file?	160
John drives for 3 hours at 60 mph and then turns around because he realizes he forgot something very important at home. He tries to get home in 4 hours, but spends the first 2 hours in traffic. He drives at 30 mph for the next half hour before being able to drive the remaining 4 hours at 80 mph. How far is he from home after these 4 hours?	45
Eliza's hourly rate for the first 40 hours of work each week is $10. She also receives overtime pay equal to 1.2 times her regular hourly rate. If Eliza worked 45 hours this week, how much did she earn this week?	460
The new program had 60 downloads in its first month. The number of downloads in the second month was three times higher than the downloads in the first month, but then dropped by 30% in the third month. How many total downloads did the program have in three months?	366
Tula went to the bakery and bought various types of pastries. She bought 3 dozen donuts, which cost $68 per dozen, 2 dozen mini cupcakes, which cost $80 per dozen, and 6 dozen mini cheesecakes, which cost $55 per dozen. What was the total cost?	694
Carlos plants a lemon tree. It will cost $90 to plant a tree. Every year he will grow 7 lemons, which he can sell for $1.5 each. It costs $3 per year to water and fertilize a tree. How many years will it be before he starts making money from the lemon tree?	13
Melanie is a traveling salesman. She sold a third of her vacuum cleaners to the green house, 2 more to the red house, and half of what was left to the orange house. If Melanie has 5 vacuum cleaners left, how many did she have at first?	18
In a dance class of 20 students, 20% signed up for modern dancing, 25% of the remaining signed up for jazz dancing, and the rest signed up for hip-hop dancing. What percentage of all students signed up for hip-hop dancing?	60
A businessman wants to make a choice between 2 purchasing plans: jewelry worth $5,000 or electronic gadgets worth $8,000. His financial advisor expects the jewelry market to grow 2.5%, while the electronic gadgets market will grow 1.2% in the same month. If a businessman, making a choice, wants to maximize his profit at the end of the month, what profit will this be?	125
Two trains leave San Rafael at the same time. They begin heading west, both traveling 80 miles. The next day they move north, covering 150 miles. How far did each train travel during these two days?	230
Jill is paid $20 per hour to work as a teacher and $30 per hour to work as a cheerleading coach. If she works 50 weeks a year, 35 hours a week as a teacher and 15 hours a week as a coach, what is her annual salary?	57500
Claire makes a 3-egg omelet every morning for breakfast. How many dozen eggs will she eat in 4 weeks?	7
Marissa is hiking the 12 mile trail. It took her 1 hour to walk the first 4 miles and then another hour to walk the next two miles. If she wants her average speed to be 4 miles per hour, at what speed (in miles per hour) should she travel the remaining distance?	6
I have 10 liters of orange drink, which is two-thirds water, and I want to add it to 15 liters of pineapple drink, which is three-fifths water. But when I pour, I spill one liter of orange drink. How much water is in the remaining 24 liters?	15
Raymond and Samantha are cousins. Raymond was born 6 years before Samantha. At 23, Raymond had a son. If Samantha is 31 now, how many years ago was Raymond's son born?	14
Billy sells DVDs. On Tuesday he has 8 customers. His first 3 customers buy one DVD each. His next 2 customers buy 2 DVDs each. His last 3 customers don't buy DVDs. How many DVDs did Billy sell on Tuesday?	7
The candle melts 2 centimeters for every hour it burns. How many centimeters shorter will the candle become after burning from 13:00 to 17:00?	8
Kyle bought the book, last year's bestseller, for $19.50. This is 25% off the original price. What was the original price of the book?	26
Marie ordered one chicken dish, which cost $12, 5 cartons of milk, which cost $3 each, 4 apples, which cost $1.50 each, and several boxes of pizza. Marie paid a total of $50. How many boxes of pizza did Marie order if each box costs $8.50?	2
Bear bought 3 pairs of shorts, 3 pairs of pants and 3 pairs of shoes. One pair of shorts costs $16.50. One pair of pants costs $22.50 and one pair of shoes costs $42. How many dollars did Bear spend on all the items of clothing?	243
Cynthia eats one serving of ice cream every evening. She buys boxes of ice cream with 15 servings of ice cream per box for $4.00 per box. After 60 days, how much will she spend on ice cream?	16
Henry made two stops during his 60-mile bike ride. The first time he stopped after 20 miles. His second stop was 15 miles before the end of the trip. How many miles did he travel between his first and second stops?	25
Gloria is shoe shopping when she comes across a pair of boots that fit into her shoe budget. However, she has to choose between these boots and two pairs of high heels, which together cost five dollars less than the boots. If one pair of heels costs $33 and the second pair costs twice as much, how many dollars are the boots worth?	104
Darrell and Allen's ages are in the ratio of 7:11. If their combined ages are now 162, calculate Allen's age 10 years from now.	109
Gunther is trying to count the jelly beans in the jar. He asks his friends how much they think is in the jar. One says 80. Another says 20 more than half of what the first one said. The third says 25% more than the first said. What is their average guess?	80
John takes care of 10 dogs. Each dog needs 0.5 hours a day to walk and do its business. How many hours a week does he spend caring for the dogs?	35
Gretchen has 110 coins. There are 30 more gold coins than silver coins. How many gold coins does Gretchen have?	70
Siobhan has 2 gems less than Aaron. Aaron has 5 more gems than half of Raymond's gems. If Raymond has 40 gems, how many gems does Siobhan have?	23
Mike plays ping pong for 40 minutes. In the first 20 minutes he earns 4 points. In the second 20 minutes he earns 25% more points. How many points did he earn in total?	9
Terry eats 2 yoghurts a day. They are currently on sale for $5.00 for 4 yogurts. How much does he spend on yogurt in 30 days?	75
John plans to sell all his toys and use the money to buy video games. He has 13 Lego sets and sells them for $15 each. He ends up buying 8 video games for $20 each, leaving him with $5 left over. How many Lego sets does he have left?	2
John runs 60 miles a week. He runs 3 days a week. He runs 3 hours on the first day and half as much on the remaining two days he runs. How fast does he run?	10
Dana can run at four times the speed of walking, but she can jog at half the speed of running. If she can jog at 3 miles per hour, how many miles can she cover in six hours if she runs a third of the time and walks two-thirds?	18
Brandon's iPhone is four times older than Ben's iPhone. Ben's iPhone is twice as old as Susie's iPhone. If Susie's iPhone is 1 year old, how old is Brandon's iPhone?	8
The great dragon Perg sat on top of Mount Farbo, breathing fire at everything within 1000 feet. Polly could throw the golden spear, the only weapon known to slay a dragon, 400 feet, which was within the reach of the dragon's flames. But when Polly was holding the sapphire gem, she could throw the spear three times further than when she wasn't holding the gem. If she was holding a gem, how far out of range of the dragon's flames could Polly stand and still hit the dragon with the golden spear?	200
Grandma Jones baked 5 apple pies for the firemen's lunch. She cut each pie into 8 pieces and placed five pies on the buffet table for the guests to help themselves. At the end of the evening, after the guests had taken and eaten their pieces of pie, there were 14 pieces of pie left. How many pieces did the guests take?	26
According to the nutritional information, a bag of chips contains 250 calories per serving. If a 300 gram bag contains 5 servings, how many grams can you eat if your daily calorie goal is 2000 and you have already consumed 1800 calories?	48
Charlie wants to sell beeswax candles. For every pound of beeswax, he can make 10 conical candles. One pound supplies of beeswax and wicks cost $10.00. If he sells each candle for $2.00, what net profit will he make if he makes and sells 20 candles?	20
Meredith is a freelance blogger who writes about health topics as a full-time job and sends her writing to clients every day. An average of 4 hours is spent researching and writing an article for a blog. Last week she wrote 5 articles on Monday and 2/5 times as many articles on Tuesday as on Monday. On Wednesday she wrote twice as many articles as on Tuesday. Calculate the total number of hours she spent writing articles over three days.	104
Candice put 80 stickers in her purse before heading to work at the coffee shop. On the way, she stopped at a store and bought a pack of stickers; At work, she placed one sticky note on each of 220 different cups of coffee. If she has a total of 23 stickers left, how many stickers were in the package she bought?	163
John buys twice as many red ties as blue ties. Red ties cost 50% more than blue ties. He spent $200 on blue ties, which cost $40 each. How much did he spend on ties?	800
Tracy used a 4 foot piece of wire to support the tomatoes in the garden. The wire was cut into 6 inch lengths. How many pieces did she get?	8
Richard lives in a 15-story apartment building. There are 8 apartments on each floor and 3/4 of the building is occupied. What is the total number of unoccupied apartments in the building?	30
Lloyd has an egg farm. His chickens produce 252 eggs a day, and he sells them for $2 a dozen. How much does Lloyd earn from eggs per week?	294
Tom's ship can travel at a speed of 10 miles per hour. It sails from 13:00 to 16:00. It then moves back at 6 mph. How long will it take him to get back?	5
The briefcase becomes too heavy for Uriah. He needs to get 15 pounds out of there. His comics weigh 1/4 pound each and his toys weigh 1/2 pound each. If he pulls out 30 comic books, how many toys does he need to pull out?	15
A mechanic charges different fees for repairing truck tires and car tires. For each truck tire repaired, the mechanic charges $60, and for each passenger car tire repaired, the mechanic charges $40. On Thursday, a mechanic repairs 6 truck tires and 4 passenger car tires. On Friday, a mechanic repairs 12 passenger car tires and does not repair truck tires. How much more profit did the mechanic make per day with the higher profit?	40
The Doubtfire sisters are driving home with 7 kittens adopted from the local animal shelter when their mother calls to tell them that their two pet cats have just lambed. She says Patchy, the first cat, gave birth to three times the number of kittens taken from the shelter, and Trixie, the second cat, gave birth to 12. How many kittens does the Doubtfire family have now?	40
Jean has 30 candies. Jin eats 2 candies. For the remaining candies, Gene wants to pack 2 lollipops in one bag. How many bags can Genie fill?	14
Peter plans to go to the cinema this week. He always buys a ticket for $7 and popcorn for $7. If he has $42 this week, how many times can he go to the movies?	3
A wooden bridge can only support 5,000 pounds. A delivery truck filled with identical boxes, each weighing 15 pounds, will drive across the bridge. The combined weight of the driver and empty truck is 3,755 pounds. What is the maximum number of boxes that can be loaded onto a truck without exceeding the bridge's weight limit?	83
Stephen ordered groceries online. His final bill was $40.00. Since it was done through a delivery service, they added a 25% fee to his final total bill and charged him a $3.00 delivery fee. Stephen also added a $4.00 tip. What was the final price of Steven's products after additional payments?	57
The raspberry bush has 6 clusters of 20 berries each and 67 individual berries scattered throughout the bush. How many raspberries are there in total?	187
There are 25 oranges in a basket, of which 1 is rotten, 20% are unripe, 2 are sour, and the rest are good. How many good oranges?	17
Janet buys a brooch for her daughter. She pays $500 for the material to make it, and then another $800 to the jeweler to make it. After that, she pays another 10% of the amount for her insurance. How much did she pay?	1430
If Marcy works for the same company for 40 years, she will receive an annual pension of $50,000 per year. After 20 years, she becomes entitled to 5% of the pension per year. If she retires after 30 years, what will her annual pension be?	25000
Alina signed up for a streaming service that charges her $140 per month. If the streaming company charged her the original amount for the first half of the year, and then charged her 10% less money for the remaining half of the year, calculate the total amount she paid for the streaming service by the end of the year.	1596
Sofia is thinking about taking a trip in her car and wants to know how far she can go on one tank of gas. She had driven 100 miles since her last tank fill and needed 4 gallons of gas to fill it up again. The owner's manual for her car says the tank holds 12 gallons of gas. How many miles can Sofia travel on one tank of gas?	300
Jim spends 2 hours watching TV and then decides to go to bed and read for half the time. He does this 3 times a week. How many hours does he spend watching TV and reading in 4 weeks?	36
Four schools compete in the basketball tournament. Each school sent a girls' basketball team and a boys' basketball team, and each team had 5 players. Each school also poisoned a coach for each team. How many people did all schools send in total?	48
A treasure hunter has found a buried treasure chest filled with precious stones. There were 175 diamonds, 35 less rubies than diamonds, and twice as many emeralds as rubies. How many gems were in the chest?	595
There are twice as many boys as girls at Dr. Wertz's school. If there are 60 girls and 5 students for each teacher, how many teachers are there?	36
In the beginning, Bailey has a certain amount of money. She then receives $5 weekly pocket money for 8 weeks. If at the end of 8 weeks she only has $100, how much money did Bailey have at the beginning?	60
Judy teaches 5 dance classes every weekday and 8 classes on Saturday. If each class has 15 students and she charges $15.00 per student, how much money does she make in 1 week?	7425
Kelian has two cooking recipes, one with 20 instructions and the second with twice as many instructions as the first. How many instructions does Kelian need to read to cook two dishes?	60
Tommy raises money for charity by selling brownies for $3 a piece and cheesecakes for $4 a piece. If Tommy sells 43 brownies and 23 slices of cheesecake, how much money will he raise?	221
Sheela bought five mobile phones for $150 each in installments over 3 months. Each unit will be charged 2% per annum. How much will Sheela pay each month for 3 months?	255
Artie has a flower stand at the farmers market. He sells three types of flowers: marigolds, petunias and begonias. He typically sells marigolds for $2.74 per pot, petunias for $1.87 per pot, and begonias for $2.12 per pot. Artie doesn't have any change today, so he decides to round up all his prices to the nearest dollar. If Artie sells 12 pots of marigolds, 9 pots of petunias, and 17 pots of begonias, how much will he earn?	88
Luke spends his time on the beach building sand castles. He eventually notices that each level of the sand castle has half the area of ​​the level below. If he builds a 4-level sand castle in which the top level is 16 square feet, what is the average area of ​​the level?	60
Cecilia just bought a new puppy. According to the vet, she needs to feed the puppy 1 cup of dog food per day for the first 180 days. She then needs to feed the puppy 2 cups of dog food a day for the rest of her life. If one bag of dog food contains 110 cups, how many bags of dog food will Cecilia use in the first year?	5
If Raymond does half as much laundry as Sarah, and Sarah does 4 times as much laundry as David, calculate the difference between the amount of laundry Raymond and David wash if Sarah washes 400 pounds of laundry.	100
Vincent can buy flowers in packs of 3 for $2.50 or in packs of 2 for $1. How much money does he save by buying 18 colors at a better price?	6
John gets a dog. He takes the dog to a groomer, which costs $100. The groomer offers him a 30% discount as a new client. How much does grooming cost?	70
Two girls each took 1/6 of 24 liters of water. Then the boy took 6 liters of water. How many liters of water are left?	10
Charlie had 10 stickers. He bought 21 stickers from a store in a mall and received 23 stickers for his birthday. Charlie then gave 9 stickers to his sister and used 28 to decorate the card. How many stickers does Charlie have left?	17
Grace weighs 125 pounds. Alex weighs 2 pounds less than Grace times 4. What is their total weight in pounds?	623
Dan plants 3 rose bushes. There are 25 roses on each bush. Each rose has 8 thorns. How many thorns are there in total?	600
The football team played 22 games. They won 8 more than they lost. How much did they win?	15
Gene makes a quilt from old souvenir T-shirts. He has one T-shirt from every vacation he's been on. Each T-shirt is a fragment of a quilt. Each row consists of fragments from one of the vacation years. He has been going on holiday four times a year since he was 23. Now he is 34. How many fragments does he have in total?	44
Greg has an alarm clock that rings three times a day as a reminder. When the alarm goes off, it continues to ring until Greg turns it off. The first time it worked today, it rang four times. The second time it went off, it rang three times longer than the first time. The third time it rang half as long as the second time. How many times did the alarm clock ring?	22
The company pays each of its employees $600 per month. The company has a policy of annual salary increases of 10% of the starting salary for each employee who has worked for the company for five years. If Sylvie worked for the company for 5 years last December, what would her salary be after three more years of work?	9360
The number of copies of Marilyn's first album sold was 10 times higher than Harald's. If together they sold 88,000 copies, how many copies did Harald sell?	8000
Christina is planning a birthday party and needs 0.75 gift bags per guest invited since 1/4 of the attendees will not show up. She invited 16 friends. Gift bags are $2 each. How much will she spend?	24
Ted T-Rex planned to bring potato salad to the dinosaur picnic. He knows that an adult dinosaur will eat 10 pounds of potato salad, but a baby dinosaur will eat half as much as an adult. If there are 20 adults and 5 kids at the picnic, how many pounds of potato salad does Ted need to bring if he wants enough to feed everyone?	225
Jen has three times as many pets as Marcia. Marcia has two more pets than Cindy. If Cindy has four pets, how many pets do they have in total?	28
Emily has 4 children named Amy, Jackson, Corey and James. Amy is 5 years older than Jackson and 2 years younger than Corey. If James is 10 years old and 1 year younger than Corey, how old is Jackson?	4
Previously, Lee could run the 400m steeplechase two seconds faster than Gerald could run the 400m steeplechase. However, Gerald changed his diet, which increased his speed by 10%. If Lee runs the 400-meter steeplechase in 38 seconds, how many seconds can Gerald run the 400-meter steeplechase given his improved diet?	36
In a residential area, the number of domestic rabbits is twelve times less than the combined number of domestic dogs and cats. If there are two cats for every dog, and the number of dogs is 60, how many total pets are there in this residential area?	348
Of the 200 students in Year 5, 2/5 are boys, while 2/3 of girls are members of the Scout Association. How many girls are not in the Scout Association?	40
Last night Harry slept for 9 hours. His friend James slept only 2/3 of the time that Harry slept. How many more hours did Harry sleep compared to James?	3
When Frida makes sauce from canned tomatoes, they lose half their volume. Each 16-ounce can of tomatoes she uses contains three tomatoes. Frieda's last batch of tomato sauce weighed 32 ounces. How many tomatoes did Frida use?	12
Cars lined up on the freeway. A few cars passed in the first 15 minutes of the traffic jam, then another 20 cars passed in the remaining 15 minutes of the jam. 5 cars in the queue have moved off the road so they don't have to drive through the traffic jam. If there were 30 cars on the freeway to begin with, how many cars passed through the traffic jam in the first 15 minutes?	5
Mary is an avid gardener. Yesterday she received 18 new potted plants from her favorite nursery. She already has 2 potted plants on each of the 40 window sills in her large country house. Out of generosity, she decided that tomorrow she would give away 1 potted plant from each windowsill to friends and relatives. How many potted plants will Mary have left?	58
Jerome had 4 friends who came to visit him one day. The first friend pressed the doorbell 20 times before Jerome opened the door, the second friend pressed the doorbell 1/4 times more than Jerome's first friend. The third friend pressed the doorbell 10 times more than the fourth friend. If the fourth friend pressed the doorbell 60 times, how many times did the doorbell ring?	175
Solo must read 4 pages from a science textbook, 20 pages from a social studies textbook, 7 pages from a history textbook, and 8 pages from a geography textbook. On Monday, Solo read 15 pages. If he has 4 more days to finish reading, how many pages per day on average does he need to read?	6
John likes to drink a glass of water with breakfast, lunch and dinner. In addition, he also drinks one glass before bed. John does this every weekday, but on weekends he prefers to relax and drinks soda for dinner instead. How many glasses of water does John drink in a week?	26
A strip of fog moves from the ocean, covering the city. Every 3 miles of the city the fog covers every 10 minutes. If the width of a city is 42 miles from the ocean coast to the opposite land border, how many minutes will it take for a band of fog to cover the entire city?	140
Poppy completes a 1000 piece puzzle. She puts a quarter of the pieces on the board, then her mom puts a third of the remaining pieces. How many puzzle pieces are left to put together?	500
Cody eats three times as many cookies as Amir. If Amir eats 5 cookies, how many cookies do they eat together?	20
"John has 3 boxes. Each box measures 5"" x 6"" x 4"". Wall thickness is 1 inch. What is the total internal volume of all 3 boxes?"	72
Frankie watches TV every evening after he has done his homework. On Monday and Tuesday evenings, he watched a 1-hour episode of his favorite show. On Wednesday, he watched several episodes of the 30-minute show. On Thursday, he finished his homework early and watched a 1-hour episode and a 30-minute show. He could stay up late on Friday before the weekend, so he watched two 1-hour episodes. If he watched TV for only 7 hours, how many 30-minute episodes did he watch on Wednesday?	3
Henry is making cookies for a local baking competition. He wants to cook twice as much as last year. When he finishes baking, he realizes that he actually baked 15 more cookies than he intended. He drops 5 cookies when he sets them out to cool, and now he has 110 cookies total. How many cookies did Henry bake last year?	50
Your local gas station sells gasoline for $3.00 per gallon. One company's app offers $0.20 cash back per gallon when filling up at that station. If you buy 10 gallons of gas, how much will it cost after receiving cashback?	28
Marcel and Beatrice are competing to see who can eat the most fruit roll-ups, so they spin all the fruit roll-ups they can find. Unfortunately, someone made a mistake, and Beatrice ended up with a roll that was two rolls wide and 24 rolls long, while Marcel ended up with a roll that was 3 rolls wide and 14 rolls long. If they ate this entire amount, how many egg rolls would they eat on average?	45
While Julia was on the lake, her boat leaked. As she rowed back to shore, two liters of water rose in the boat with every ten feet. She swam twenty feet in sixteen seconds. It was 64 seconds to shore. How much water was in the boat by the time Julia reached the shore?	16
The classroom has a whiteboard that is shared by 4 teachers who take turns using the classroom. Each teacher teaches 2 lessons per day and uses a blackboard in every lesson. If the board is cleaned 3 times per lesson, how many times per day is the board cleaned?	24
Ryan plants 2 flowers a day in his garden. How many flowers will he have in 15 days if 5 have not grown?	25
Jamal's phone can store 6 times more photos than Brittany's phone. The maximum number of photos in Brittany's phone is 50 times the number of birds in the photo of ducks that Jamal took at the zoo. If Jamal's phone can store 1800 photos, how many ducks can be seen in the photo Jamal took at the zoo?	6
Sasha noticed that lumber prices had risen 50% in the last few months since she purchased some lumber. Since she has leftovers, she decides to sell them. She had ten 2 x 4 x 10 boards left, each costing her $10. She also has five 4 x 4 x 10 boards, which she purchased for $16 each. How much profit will she make if she sells them all?	90
Katie makes coffee using teaspoons of sugar and cups of water in a ratio of 7:13. If she only used 120 teaspoons of sugar and cups of water, calculate the number of teaspoons of sugar she used.	42
John buys 2 pairs of shoes for each of his 3 children. Each costs $60. How much did he pay?	360
The customs officer at the main maritime clearance port counted 2 containers of imported vehicles, each containing 5 vehicles. The next day, new containers were delivered and the total number of vehicles in the port was 30. Calculate the number of containers imported on the second day if all containers contain 5 vehicles.	4
Adrien's total salary was 30 percent higher than Laila's. Four years later, his salary increased and he was earning 40% more than four years ago. If Adrien and Lila's wages increased at the same time, and Adrien earned $40,000 four years ago, calculate how much the two of them together earned four years later?	95200
Miguel uses 2 notebooks a week for drawing. If a notepad has 30 sheets of paper, how many sheets of paper does it use each month?	240
Morisette and Kayla were asked to bring fruit. Morisette brought 5 apples and 8 oranges, and Cale brought twice as many apples and half as many oranges as Morisette. How many fruits do they have together?	27
On Monday, Sadie slept for 8 hours. On each of the next two days, she slept 2 hours less because she needed to finish some assignments. If by the end of the week she slept 1 hour more than on those two days, how many total hours did she sleep that week?	48
Rosie can run at 10 miles per hour for 3 hours. After that she runs at a speed of 5 miles per hour. How many miles can she run in 7 hours?	50
Jenny helps out at her mom's office. She has a stack of 60 letters to put stamps on, and a stack of letters with stamps already on. She put stamps on the one-third of the unstamped letters. If there are now 30 letters in a bundle with stamps already attached, how many were in this bundle when Jenny started work?	10
Julia was preparing for a dinner party at her home, where she was going to serve stew. She noticed that she was out of plastic spoons, so she bought a new pack of spoons. Later, her husband also bought a pack of 5 new spoons and gave them to Julia. When Julia made the stew, she used three spoons to taste the stew. Later, when she set the table, she only had 12 spoons. How many spoons were in the package that Julia bought?	10
Dylan needed chicken and fish sausages for a sausage roll for a party. He bought 38 chicken sausages, and 6 more fish sausages than chicken sausages. How many sausages did Dylan buy?	82
After moving to a new school, Amy made 20 more friends than Lily. If Lily made 50 friends, how many friends did Lily and Amy have together?	120
Vella's mother sells watermelons, peppers and oranges at a local store. A watermelon costs three times as much as each pepper. An orange costs 5 times less than a watermelon. Dillon was sent to the store to buy 4 watermelons, 20 peppers and 10 oranges. How much money will he spend in total if each pepper costs $15?	880
The hospital admits 500 people a day. Each patient's appointment lasts on average 24 minutes. Doctors charge the hospital $150 per hour, and the hospital charges patients $200 per hour. How much does the hospital profit from these visits?	10000
Nyssa hires 60 seasonal workers to act as elves in Santa's village at her general store. A third of the elves quit after children vomit on them, then 10 of the remaining elves quit after children kick their legs. How many elves are left?	30
In May, Joseph's expenses amounted to $500. In June, his spending was $60 less. How much was his total expenses for these two months?	940
Pam and Fred went to an amusement park. Pam rode the roller coaster 2 times, and Fred rode the roller coaster 4 times. After that, they both decided to go sledding twice. If each trip costs 6 tickets, how many tickets did they spend that day?	60
On Monday Walt walked 4 miles. On Tuesday it traveled 6 times more than on Monday. He walked a total of 41 miles between Monday and Wednesday. How many miles did he walk on Wednesday?	13
Tom washes his car 4 times a month. If each car wash costs $15, how much does he pay per year?	720
Brian's friend Bobby has 5 fewer video games than Brian's number of video games multiplied by 3. If Brian has 20 video games but lost 5 right before the comparison was made, how many video games does Bobby have?	40
There are only 27 unicorns left in the world. A third of them are in the mountains of Scotland. Two thirds of Scottish unicorns are female. How many female Scottish unicorns are there?	6
Rory orders delivery of 2 sandwiches for $7.50, 2 bags of chips for $1.50, and 2 cookies for $1.00. There is a 20% delivery fee added at checkout and she wants to add a $5.00 tip. How much will her order cost for delivery?	29
Yesterday Mark took a test that consisted of 75 questions. He completed the test at a rate of 5 questions per hour. Today he took another test with the same speed, consisting of 100 questions. If Mark had 8 hours to complete the first test and 6 hours to complete the second, how many questions did he leave unanswered?	105
A candy vending machine has 22 more pink gum balls than four times the number of blue gum balls. If there are 12 blue gumballs, how many pink gumballs are there?	70
Of the 20 cars available for rental, 12 cars have an automatic transmission, 4 have a manual transmission, and the rest are semi-automatic. What is the percentage of cars with semi-automatic?	20
There are 700 bees in the hive. There are twice as many worker bees as pupae, and there are twice as many pupae as queens. How many worker bees?	400
Jordan plays video games 2 hours every day. He also has a part-time job where he earns $10 an hour. How much money could Jordan make in one week if he spent his video game time working?	140
John buys milk for $2, eggs for $3, light bulbs for $3, cups for $3, and cockroach traps for $4. If a tax of 10% is charged on all non-food products, how much did everything cost together?	16
Kim has opened a house cleaning business and is calculating how much profit he will make from customers. He already has 3 clients, but is in talks with 5 more potential clients and is confident enough to include them in his calculations. To clean each client's home, you will need 2 bottles of cleaning product and a pack of wipes. Each bottle of cleaning product will cost $2, and each pack of wipes will cost $5. These are all his expenses. He expects his total income for the week to be $92. Profit is the difference between total income and total expenses, so what dollar profit will Lucas make each week?	20
John has a 10-hectare pineapple field. There are 100 pineapples growing on one hectare. John can harvest pineapples every 3 months. How many pineapples can John get per year?	4000
Johnny collects toys from the floor in his room. He scattered a Lego set with 500 pieces, and another set with 3 times as many pieces as a box of 500 pieces, and another with 1/4 of that number of pieces. How many blocks will Johnny collect if he picks up all the Lego pieces?	2,125
Debra watches a bee hive to see how many bees come and go in a day. She sees 30 bees leave the hive in the first 6 hours, and then sees 1/2 of that number of bees return in the next 6 hours. In the next 6 hours, she sees twice as many bees flying in and out of the hive as the first ones to leave the hive. Then each bee that flew out and did not return earlier returns to the hive over the next 6 hours. How many bees did Debra see returning to the hive in the last 6 hours of the day?	75
Brittany and her mom go to the museum. Admission is $12 for adults and $10 for children. Brittany's mom gives the cashier money for 1 child ticket and 1 adult ticket. If she received $8 in change, how many dollars did she give to the cashier?	30
Charlie has three times as many Facebook friends as Dorothy. James has four times as many Facebook friends as Dorothy. If Charlie has 12 Facebook friends, how many Facebook friends does James have?	16
Steve and Tim decide to see who can get home from school the fastest. Steve lives further away than Tim, so he is allowed to ride his bike. Steve lives 3 miles from school and can ride his bike at 440 feet per minute. Tim lives 2 miles from the school. If Tim can skateboard at 264 feet per minute, how long will the winner wait outside his house until the loser finishes the race?	4
Shonda decided that the neighborhood kids could use a bicycle tire inflation service. She decided it was best to charge per tire. Each tire costs 25 cents to inflate. On the first day, 5 people on bicycles arrived to inflate both tires. 3 people arrived to inflate all the tires on their tricycles. Finally, one person actually arrived on a unicycle. How many dollars did she earn that day?	5
Carl buys ten packages of cookies. Each package contains six cookies. Each cookie costs $0.10. How much change will Carl get if he pays with a $10 bill?	4
Dave bought a large package of French fries and ate fourteen until a hungry seagull stole the package from his hand. When the seagull landed, it grabbed half the number of potato slices that Dave had eaten. Then three pigeons chased her away from her food, and each pigeon ate three slices. The raccoon then stole two-thirds of the remaining potato slices. The ants took away the last slice of potato, leaving five pieces. How many French fries were in the package when Dave bought it?	48
College student Kimo has three 1-hour classes every Monday, Wednesday, and Friday. Every Tuesday and Thursday he has two 2-hour classes. There are 16 academic weeks in one semester. How many hours does Kimo spend in classes in one semester?	272
Every day Bill bakes 300 rolls, 120 chocolate croissants and 60 baguettes. Each roll is 4 inches long, each croissant is 6 inches long, and each baguette is two feet long. If Bill stacked all the baked goods end to end, what would be their length in feet?	280
The zookeeper feeds all the monkeys in the zoo. He orders all his bananas from a local farm every 2 months. If the monkeys need 200 bananas, the gorillas need 400 bananas, and the baboons need 100 bananas every month, how many bananas does he need to order for 2 months?	1400
Blake and Kelly compete to see who can run the longest in 15 minutes. They decide to do it on a 100-yard football field. Blake runs back and forth 15 times. Kelly runs back and forth once and then decides he doesn't want to run next to Blake, so he starts running to the 40 yard mark and back. She does this 34 times. How much further did the winner run compared to the loser?	80
Raphael went to buy some school supplies. He bought 4 pens for $1.5 each, 2 notepads for $4 each and a pack of thick paper for $20. How much did Rafael spend on everything?	34
Finn watches 11 tadpoles swimming in a pond. Suddenly he sees that 6 of them came out of hiding under a water lily leaf, then he sees that 2 of them hid under a stone. How many tadpoles does Finn see in the pond now?	15
On Monday, the water depth in the reservoir was 17 feet. On Tuesday, the reservoir added another 7 feet of water. On Wednesday, the water depth is two-thirds of what it was on Tuesday. What is the depth of water in the tank on Wednesday?	16
Anakin and Locsin went to the beach today. Anakin caught 10 starfish, 6 seahorses, and 3 clownfish. At the same time, Locsin caught 5 less starfish than Anakin, 3 less seahorses than Anakin, and 2 more clownfish than Anakin. How many fish did they manage to catch?	32
If a bag of marbles costs $20 and the price increases by 20% of the original price every two months, how much will the bag of marbles cost after 36 months?	92
There are different toys in the room: 5 red cars, 3 figurines and a doll. The doll costs the same as 3 figures, and one red car costs $4. How much do all the toys cost if one figurine costs $5?	50
Jackie is trying to decide whether to do her taxes herself or hire an accountant. If she does her taxes herself, she will be freelancing 3 hours less and will lose $35 per hour in lost income. An accountant charges $90 per hour. How much extra money will she make if she hires an accountant?	15
For her 30th birthday, Elvira chose a new computer with many accessories as a gift. She has a sum of 1500 € donated by the whole family and she thinks that she can leave some money to buy clothes. She goes to a computer store and chooses a computer costing 1090 € with a monitor, keyboard and mouse. She also takes a scanner for 157€, a CD burner for 74€ and a printer for 102€. How much money does she have left for clothes?	77
Sandra's neighbor gives her a basket of 9 eggs every time she sits with his daughter. To make Spanish flan, she needs 3 eggs. If Sandra is assigned to make 15 Spanish flans for a school fundraiser, how many times does Sandra need to babysit?	5
Seth is twice Brooke's age. After 2 years, their total age will be 28. How old is Seth?	16
Jimmy has $2 more than Ethel's amount of money times two. If Ethel has $8, how much money does Jimmy have?	18
Pancho walks 20 miles a day. Except on weekends when he walks 10 miles. How many miles does he walk in a week?	120
The marching band is ordering new uniforms. Each uniform includes a hat that costs $25, a jacket that costs three times as much as the hat, and pants that cost the same as the average cost of a hat and jacket. How much does one uniform cost?	150
Jake walks through the entomological museum. He sees 80 spiders with 8 legs each, 90 insects with 6 legs each, and 3 rare mutant invertebrates with 10 legs each. How many legs does Jake see?	1210
There are four birds in the service car. Sally Two is three years older than Granny Red. Granny Red is twice as old as Sally Four. If Sally Four is the same age as Sally Thirty-two, and Sally Thirty-two is 8 years old, what is the total age of these four birds?	51
Jessica is trying to calculate how much she should pay on all her debts per month. Her minimum student loan payment is $300 per month, her minimum credit card payment is $200 per month, and her minimum mortgage payment is $500 per month. If Jessica wants to pay 50% more than the minimum, how much will she pay per year?	18000
Billy peels and cuts potatoes to make potato salad for his extended family's barbecue. This is a big event, so he needs to process 60 potatoes. All the potatoes are about the same size, so he spends about the same amount of time peeling and cutting each potato. Peeling one potato takes Billy about a minute and a half, but cutting it only takes about 5 seconds. How long will it take Billy to finish preparing the potatoes?	95
Juan and his brother Carlos sell lemonade. To make one gallon, they spend $3 on lemons and $2 on sugar. They sell each glass for $0.50 and get 20 glasses out of every gallon. If they made $25 profit, how much did they spend on lemons?	15
240 Asians took part in the race: 80 Japanese and the rest Chinese. If there were 60 boys on the Chinese team, how many girls were there?	100
Zaid spends 1/4 of his salary on rent, 1/3 on car fuel, and donates half of the rest to his favorite charity. He gives $200 to his daughter for weekly expenses and $700 to his wife for groceries and other household items. If Zaid earns $6,000 a month, how much money will he have left after all these expenses and donations?	350
Rani has ten more crabs than Monique, who has 4 less crabs than Bo. If Bo has 40 crabs, count how many total crabs they have between the three of them.	122
Lloyd earns $10 an hour as a math tutor. He studied 5 hours the first week and 8 hours the second. How much did he earn in the first two weeks?	130
At Sarai school, two people nominated themselves for the post of class leader. If the winner received 3/4 of the votes, and a total of 80 students voted in the class, count how many votes the loser received.	20
Sandra, a florist at a flower shop near her home, is very upset that Fred did not completely deliver the order. Sandra ordered four times as many red roses as white carnations. In addition, she ordered 200 pink calla lilies, which is five times more than the number of white carnations. Sandra threatened to change supplier if the missing red roses were not delivered by 5 pm. How many red roses must Fred deliver by 5 pm to save Sandra's business?	160
Jean is two years older than Mark. Two years ago, Mark's age was 5 years more than half Ian's age. If Ian is 30 years old, how old is Jin?	23
Two track and field teams compete against each other in the 4 x 400 meter relay; in this race, each competing team consists of four competitors, each running 400 meters, or one lap, on a standard circular track. One of the two teams is well prepared, and each of its participants runs their 400-meter leg in exactly 55 seconds. The other team is less prepared; its first runner runs his 400-meter leg in 60 seconds, and each subsequent runner runs 3 seconds faster than the previous one. Using this information, determine by how many seconds the faster team will win?	2
Jerry rolls a six-sided die. How much more likely (as a percentage) is it that he will roll a number greater than 3 than that he will roll two even numbers in a row?	25
Jenna and her mother were picking apples at their apple farm. Jenna picked half as many apples as her mother. If mom picked 20 apples, how many apples did the two of them pick?	30
Russell works in a pet store and lays out straw for rodents. Rats are kept in 3 cages in groups of the same size and each rat is allocated 6 straw briquettes. There are 10 cages with hamsters, which are kept individually, and each hamster is allocated 5 straw briquettes. There is also a pen with rabbits, on which 20 straw briquettes are allocated. Straw is not used anywhere else in the store. If 160 straw bales are distributed among small rodents, how many rats are there in each cage?	5
Mandy owes Benedict $100. They agreed on monthly interest of 2%. If Mandy can pay everything off in 3 months, how much will she have to give to Benedict?	106
A merchant buys several bags of wheat from a farmer for $20 per bag. If it costs $2 to transport each bag from the farm to the warehouse, and the trader made only $400 in profit after selling all the bags at $30 each, how many bags did he sell?	50
Three friends spent $20.25 on 3 tickets to the fair. However, they spent $4.50 less on food than on tickets. They also went on 2 different rides that cost $33 each. If they agreed to split the costs equally, how much did each of them pay?	34
John picks peaches for 3 hours. He can pick 2 peaches per minute. How many peaches did he pick?	360
Ducks must eat 3.5 pounds of insects per week to survive. If there are ten ducks in a flock, how many pounds of insects do they need per day?	5
Tom plants 10 trees a year. And every year he cuts down 2 trees. He starts with 50 trees. After 10 years, 30% of trees die. How many trees does he have left?	91
Sue has cheerful neighbors. One weekend they decided to play a prank on Sue. On Friday morning, neighbors placed 18 pink plastic flamingos in front of Sue's house. On Saturday morning, the neighbors took a third of the flamingos, painted them white, and placed the freshly painted white flamingos in their original spot in front of Sue's house. Then on Sunday morning they added 18 more pink plastic flamingos to the collection. How many more pink than white plastic flamingos were there at noon on Sunday?	24
Violetta wants to buy new colored pencils. She needs 5 of different colors and has prepared $20 for this purchase. One pencil costs $2. How much change will she get?	10
A pen costs the same as a pencil and eraser combined. The pencil costs $1.20 and the eraser costs $0.30. How much will 8 pens cost?	12
200 pounds of carrots must be distributed among 40 restaurants in one city. Each restaurant must receive 2 pounds of carrots. How many pounds of carrots will not be used?	120
The city of Soda has exactly 23,786 inhabitants. Including 8417 men and 9092 women. The rest of the population consists of children. How many children are there in Soda?	6277
At first, Elaine had 20 Pokemon cards. A month later, she had collected three times that amount. In the second month she collected 20 cards less than in the first month. In the third month, she collected twice as many Pokemon cards as in the first and second months combined. How many Pokemon cards does she have now?	320
Mark is the editor. Every week he edits the same number of proposals for two different publishers, who pay him different rates per proposal. Publisher B pays Mark twice as much as Publisher A. Mark edits a total of 1,000 proposals each week, and Publisher A pays him 5 cents per proposal. How many cents does Mark earn per week?	7500
Baldur draws water from the well. He takes 5 buckets of water every morning and 6 buckets of water every evening. If each bucket holds 5 liters of water, how many liters of water does he take each day?	55
John receives a bonus at work. The bonus consists of a one-time cash award of $5,000 and a 5% salary increase. If he earns 2000 a week for the whole year and received a bonus on the first day of the year, how much money did he earn that year?	114,200
Josie grows grapes on her 10-acre farm. Each acre produces 5 tons of grapes per year, and each ton of grapes produces 2 barrels of wine. How many barrels of wine does her farm produce per year?	100
Cheese is Karl's favorite food. This week he ate one sandwich with 2 pieces of cheese for lunch every day. 3 days a week he ate egg and cheese omelettes for breakfast and used one more piece of cheese for the omelet than for the sandwich. He made a large pot of mac and cheese to last him several dinners a week and used 8 slices of cheese. How many pieces of cheese did he use?	31
Janet had 22 green pens and 10 yellow pens. Then she bought 6 pencil cases with blue handles and 2 pencil cases with red handles. Each pencil case with blue handles had 9 pens, and each pencil case with red handles had 6 pens. How many pens does Janet have now?	98
Brinley is in Mr. Burt's math class. Mr. Burt takes six tests each semester. It allows students to remove their lowest grade from the calculation of their average grade for each semester. If Brinley received grades of 89, 71, 92, 100, and 86 on her first five tests, what grade does she need on her sixth test to get an average grade of 93?	98
Michael loves to ride a bike. He rode it at least 5 times a week and covered 25 kilometers each time. He did this for four weeks, and then decided to ride his bike only 2 times a week, but ride 60 kilometers each time, and did this for 3 weeks. How many kilometers did Michael travel in total?	860
Joe has 25 candy bars and 80 caramel apples in his Halloween candy bag. Each candy bar weighs twice as much as each caramel apple. If each candy bar weighs 40 grams, how many grams does a bag of Joe's candy weigh?	2600
On Monday Rose went to the store and bought 4 cakes. On Tuesday she went to another store and bought three times as many cakes. On Wednesday she went to another store and bought 5 times more cakes than on Tuesday. How many cakes did she buy in all three days?	76
Twenty dozen cups cost $1,200 less than the total cost of half a dozen plates, which sell for $6,000 each. Calculate the total cost of purchasing each cup.	145
Sarah wants to buy herself a new jacket and 2 pairs of shoes. The jacket she wants costs $30, and each pair of shoes costs $20. Sarah babysits her neighbor's children 4 times, earning $5 each time she babysits them. Her parents pay her $4 every time she mows the lawn. If Sarah already had $10 saved before she started babysitting, how many times does she need to mow the lawn before she can afford a jacket and shoes?	10
Jerry has a flock of chickens. Red hens lay 3 eggs per day, and white hens lay 5 eggs per day. Every day Jerry collects 42 eggs. If he has two more white hens than red hens, how many red hens does he have?	4
Gary enjoys walking around the edge of the local park, which is a 1.5 mile by 6 mile rectangle. If he walks at 3 miles per hour, how many hours does he spend walking?	5
At a discount store, Sloan has 100 customers entering the store. The next day she has 50 more customers than on the first day. If the total number of customers on the third day was 500, how many customers did she count on the third day?	250
Jerry has two pools - both with leaks that drain them at a rate of 4 gallons per minute. 4 minutes ago there was twice as much water in the large pool as in the small pool. Nowadays the large pool has four times more water than the small pool. How much water is in the small pool now?	8
Laurie wants to buy a pair of shoes for $320.00 and a matching belt for $32.00. At her part-time job, she makes $8.00 per hour. How many hours will she need to work before she can make a purchase?	44
Janet borrowed $2,000 and promised to pay it back with an additional 10% interest. If Janet pays $165 per month for 12 months, how much will Janet have remaining at that time?	220
There are 4 roses in a vase. There are 7 more dahlias in the vase than roses. How many flowers are there in the vase?	15
Adrian is three times Harriet's age, and Harriet is half Zach's age. Calculate the average age of the three in three years if Harriet is now 21 years old.	45
Four students earned a total of 251 points in the board game. Naomi earned 68 of those points. Yuri earned 10 points more than half of Naomi's points, and Brianna earned 17 points more than Naomi. How many points did Jojo earn?	54
It takes Carmen 10 minutes to solve a crossword puzzle and 5 minutes to solve a sudoku puzzle. Over the weekend she solved 3 crossword puzzles and 8 sudoku puzzles. How much time did she spend playing these games?	70
The water tank is filled with 120 liters of water. Celine used 90 liters of water from the tank to water her small garden. She was then able to collect twice as much rainwater as what was left. How many liters of water are in the tank now?	90
Andy plants 90 geraniums and 40 fewer petunias than geraniums. How many plants does he plant in total?	140
A company spends $15,000 on advertising in one year, and then spends a third of that on advertising in another year. What is the total amount the company spent on advertising during these two years?	20000
Carlos and Benji on the beach. Carlos rents a canoe for $30 an hour, and Benji rents a banana raft for $18 an hour. If Carlos uses the boat for 3 hours and Benji uses the raft for 5 hours, how much will they pay for their rental together?	180
Andrew is planning a trip from New Jersey to Rochester. Traveling from New Jersey to Rochester takes 6 days by bus and half as many days by car. How many days will he travel if he plans to go to Rochester by bus and return from Rochester by car?	9
James counts his Pokemon cards. He has 30 fire type cards, 20 grass type cards and 40 water type cards. If he loses 8 water type cards and buys 14 grass type cards, what is the percentage chance (rounded to the nearest whole number) that a randomly selected card will be a water type?	33
Chad ordered a build-your-own-burrito for lunch. A basic burrito costs $6.50. He adds extra meat for $2.00, extra cheese for $1.00, avocado for $1.00 and 2 sauces for $0.25 each. He decides to upgrade the meal for an additional $3.00, which will add chips and a drink. He has a $5.00 gift card that he uses at checkout. How much more does he owe?	9
Kalinda is putting together a 360-piece puzzle with her mom. Kalinda can usually add 4 elements per minute. Her mom can usually post half as many items per minute as Kalinda. How many hours will it take them to complete the puzzle?	1
The watermelon farm produced 120 small watermelons. Ashlyn went to the farm two months later and found that 30% of the watermelons were ready to be harvested, so she took them home. When she returned two weeks later, 3/4 of the remaining watermelons were ready, so she picked them. How many watermelons were not ready for picking after two weeks?	21
Mark buys a fleet of 12 cars for his company. Each car sells for $20,000. He pays 10% tax on the cars and then another $1,000 to register each one. How much does he pay for everything?	276,000
Kylie and Robert enjoy going to the beach and collecting shells. On Monday, Kylie collects 5 more shells than Robert, who collects 20 shells. On Tuesday, Kylie collects twice as many shells as she collected on Monday. How many shells does Kylie collect on Tuesday?	50
Dax went to his farm to pick some apples and found that there were half as many bugs in the orchard as there were ants. If there were 50 ants, calculate the total number of insects in the garden.	75
36 penguins sunbathe in the snow. A third of them jump into the ocean and swim. The other third goes into the cave to have lunch. How many penguins are still left sunbathing?	12
Steve decides to start eating more tomatoes and decides to grow his own cherry tomatoes. He eats twice as much as his girlfriend. He eats 6 pieces a day. If a branch can produce 3 tomatoes a week, how many branches does it need?	21
John orders several pizzas to share with friends. There are only 20 friends, and John wants to make sure that everyone can take 4 pieces. Pizzas are sold only cut into 8 pieces. How many pizzas should John order?	10
Ram uses a lot of pens. He discovered that he could save money by mixing ink from five empty pens to make one full pen. If he buys 25 pens and uses them to make new pens when the ink runs out, how many pens will he have in total?	31
Johnny took his $20 salary and added another $10 to it. He then invested that amount of money, tripling it within a year. How much money did he have after a year?	90
Mary is two years younger than Joan, who is five years older than Jessa. If Jessa is 20 years old, what is the sum of the ages of the three girls?	68
The number of students in the school hall was 1000. The hall had 3 entrances - A, B and C, which also served as exits. If after the meeting, 30% of the students left the building through Gate A, the remaining 3/5 left through Gate B, and the rest left through Gate C, calculate the number of students who left through Gate C.	280
James has 6 more candies than Robert. John has twice as much candy as Robert. If John has 54 candies, how many more candies does John have than James?	21
Dolly has two books. Pandora has one. If both Dolly and Pandora read each other's books as well as their own, how many books will they have read in total by the end?	6
Mike was pen pals with 5 people. He stopped being pen pals with 2 of them. Each of them sends 2 letters per week, 5 pages long. He responds in kind. He can write a page in 6 minutes. How many hours does he spend writing per week?	3
Jason has a phone plan of 1000 minutes per month. Every day he talks to his manager for 15 minutes, and this month he had another 300 minutes of calls to other people. How many minutes does Jason have left if this month has 30 days?	250
Griffin had 24 fries, but Kyle took 5 of them. Billy took twice as much as Kyle. Ginger gave Griffin a handful of her fries and then Colby took 3 fewer fries from Griffin than the number of fries Kyle took. If Griffin had 27 French fries at the end, how many French fries did Ginger give to Griffin?	20
There are 4 snails in one aquarium and 32 snails in another aquarium. The difference in the number of snails in two aquariums is twice the number of fish in two aquariums. If both aquariums have the same number of fish, how many fish are in each aquarium?	7
Makeup artist Jean charges her $250 an hour. She needs very expensive makeup for the movie she's starring in; it takes 6 hours to apply every day and she needs to apply it 4 times a week. It takes 5 weeks to finish the film. At the end of filming, the make-up artist gives Jean a 10% discount based on the amount of work done. How much did Jean pay?	27000
Isabel bought party supplies for her little sister's birthday party. She spent $12 on cake ingredients, $43 on birthday gifts, $15 on decorations, $4 on invitations and $22 on goodie bags for the party guests. She split the cost equally three ways with her two parents. How much did each person pay?	32
The cook bought 4 bags of onions. Each bag weighs 50 pounds. A pound of onions costs $1.50. How much did the cook spend?	300
On Monday, Sue ate 4 times as many cookies as her sister. On Tuesday she ate twice as many cookies as her sister. Her sister ate 5 cookies on Monday and 13 the next day. If there are 200 calories in 1 piece of cookie, how many more calories did Sue consume than her sister?	5,600
