Janet's duck lays 16 eggs every day. He eats matatu during staftah every morning and bakes his friends muffins every day with four eggs. He sells the leftovers at the farmers market every day for $2 per duck egg. How much money does he make in dollars every day at the farmers market?	18
The robe uses 2 skeins of blue silk and half that amount of white silk. How many spoons does it use in total?	3
Josha decides to try to buy a house and sell it at a profit. He buys a house for $80,000 and spends $50,000 on renovations. This increased the value of the house by 150%. How much profit did he get?	70000
James decides to run 3 short runs 3 times a week. He runs 60 meters for each sprint. How many meters does he run in total per week?	540
Every day, Wendi feeds each of her chickens three cups of a mixed chicken feed, containing seeds, insects and vegetables to help maintain their good health. He gives the chickens their food in three separate meals. In the morning, he gives his chickens 15 cups of food. In the afternoon, he gives his chickens another 25 cups of food. How many cups of feed does she need to give her chickens for the last meal of the day if Wendi's chicken population is 20?	20
Kylar went to the store to buy mirrors for his new building. One glass costs $5, but every second glass costs only 60% of the price. Kylar wants to buy 16 mirrors. How much does he need to pay for the mirrors?	64
Toulouse has twice the number of sheep in Charleston. Charleston has 4 times the number of sheep in Seattle. How many sheep do the cities of Toulouse, Charleston, and Seattle have together if Seattle has 20 sheep?	260
Carla is downloading a 200 GB file. Normally she can download 2 GB every minute, but at 40% of the download, Windows forces a restart to load the updates, and it takes 20 minutes. Then Carla has to restart the download from the beginning. How long will it take to download the file?	160
John drives for 3 hours at a speed of 60 miles per hour and then turns around because he realizes that he has left something very important at home. He tries to get home in 4 hours but spends the first 2 hours in stationary traffic. He spends the next half hour driving at a speed of 30 miles per hour, before being able to drive the remaining 4 hours at a speed of 80 miles per hour. How far is he from home at the end of those 4 hours?	45
Eliza's hourly rate for the first 40 hours she works each week is $10. He also receives overtime pay of 1.2 times his regular hourly rate. If Eliza worked 45 hours this week, what is her earnings for the week?	460
The new app was downloaded 60 times in the first month. The number of downloads in the second month was three times the number of downloads in the first month, but decreased by 30% in the third month. How many times was the app downloaded in total in those three months?	366
Toula went to the bakery and bought a variety of pastries. He bought 3 dozen donuts costing $68 per dozen, 2 dozen cupcakes costing $80 per dozen, and 6 dozen cupcakes costing $55 per dozen. What was the total cost?	694
Carlos is climbing a mountain. The tree will cost $90 to plant. Each year it will produce 7 lemons, which he can sell for $1.50 each. The annual cost of watering and feeding the tree is $3. How many years will it take before he starts earning from that mountain?	13
Melanie is a door-to-door salesperson. He sold a third of his vacuum cleaners to the green house, 2 more to the red house, and half of the rest to the orange house. If Melanie has 5 vacuum cleaners left, how many did she start with?	18
In a dance class with 20 students, 20% enrolled in modern dance, 25% of the rest enrolled in jazz dance, and the rest enrolled in rap dance. What percentage of all students enrolled in rap dance?	60
A businessman wants to make a purchasing choice between 2 purchase plans: jewelry worth $5,000 or electronics worth $8,000. His financial adviser estimates that the jewelry market will rise to 2.5% while the electronics market will rise to 1.2% within the same month. If the trader wants to have the highest profit at the end of this month by exercising the option, how much profit will this be?	125
Two trains have left San Rafael at the same time. They start traveling West, both going a distance of 80 miles. The next day, they travel North, a distance of 150 miles. What is the distance traveled by the two trains in the two days?	230
Jill is paid $20 an hour to coach and $30 to be a fan coach. If he works 50 weeks a year, 35 hours a week as a teacher and 15 hours a week as a coach, what is his annual salary?	57500
Claire prepares a 3-egg omelette every morning during Easter. How many dozen eggs will he eat after 4 weeks?	7
Marissa is walking a distance of 12 miles. She spent 1 hour walking the first 4 miles, then another hour walking the next 2 miles. If he wants his average speed to be 4 miles per hour, how fast (in miles per hour) does he need to walk for the remaining distance?	6
I have 10 liters of orange juice which is two-thirds water and I would like to add it to 15 liters of pineapple pulp which is three-thirds water. But when I pour, I have spilled a liter of orange drink. How much water is in the remaining 24 liters?	15
Raymond and Samantha are cousins. Raymond was born 6 years before Samantha. Raymond had a son when he was 23. If Samantha is now 31 years old, how many years ago was Raymond's son born?	14
Billy sells DVD players. He has 8 customers on Tuesday. His first 3 customers buy one DVD each. His next 2 customers buy 2 DVDs each. His last 3 customers don't buy any DVDs. How many DVDs did Billy sell on Tuesday?	7
A candle melts 2 centimeters every hour it burns. How many centimeters will the candle shrink after burning from 7:00 pm to 11:00 pm?	8
Kyle bought the most purchased book last year for $19.50. This is after receiving a discount of 25% of the original price. What was the original price of the book?	26
Marie ordered one chicken meal costing $12, 5 cartons of milk costing $3 each, 4 apples costing $1.50 each, and another pizza box. Marie paid a total of $50. How many pizza boxes did Marie order if each box costs $8.50?	2
Mishka bought 3 pairs of shorts, 3 pairs of pants, and 3 pairs of shoes. A pair of shorts is $16.50. A pair of pants is $22.50 and a pair of shoes is $42. How many dollars did Mishka spend on all the clothing items she bought?	243
Cynthia eats one piece of ice cream every night. He buys ice cream cartons with 15 pieces of ice cream per carton at a price of $4.00 per carton. After 60 days, how much will he have spent on ice cream?	16
Henry stopped twice during his 60-mile bike ride. He stopped the first time after 20 miles. He stopped the second time with 15 miles left to complete the journey. How many miles did he travel between the first and second stops?	25
Gloria is shopping when she comes across a pair of sneakers that fit her shoe budget. However, he must choose between the mubuti and two pairs of high-heeled shoes that together cost five dollars less than the mubuti. If one pair of high-heeled shoes costs $33 and the other pair costs twice as much as the first pair, how many dollars does the pair cost?	104
Darrel and Allen's age is in the ratio of 7:11. If the sum of their current ages is 162 years, calculate Allen's age 10 years from now.	109
Gunter tries to count the candies in the big bottle. He asks his friends how many candies they think are in the big bottle. One says 80. Another says 20 more than half of what the first one said. The third says 25% more than the first. What is their average estimate?	80
John takes care of 10 dogs. Each dog takes him .5 hours a day to walk and handle. How many hours a week does he spend taking care of the dogs?	35
Gretchen has 110 coins. There are 30 more gold coins than silver coins. How many gold coins does Gretchen have?	70
Siobhan has 2 fewer gems than Aaron. Aaron has 5 gems more than half of Raymond's gems. If Raymond has 40 gems, how many gems does Siobhan have?	23
Mike plays tennis for 40 minutes. In the first 20 minutes, he scores 4 points. In the second 20 minutes, he scores 25% more points. How many points did he score in total?	9
Terry drinks 2 yogurts. There is currently a sale on 4 yogurts for $5.00. How much money does he spend buying yogurt milk for a period of 30 days?	75
John plans to sell all his toys and use the money to buy video games. He has 13 lego sets and sells them for $15 per set. He manages to buy 8 video games for $20 each and has $5 left over. How many lego sets does he still have?	2
John runs 60 miles a week. He runs 3 days a week. He runs for 3 hours on the first day and half that amount on the other two days he runs. How fast does he run?	10
Dana can run at a speed that is four times faster than she can walk, but she can jump at a speed that is half her running speed. If he can fly 3 miles an hour, how many miles can he travel in six hours if he spends one-third of the hour running and two-thirds walking?	18
Brandon's iPhone is four times older than Ben's iPhone. Ben's iPhone is twice as old as Suzy's iPhone. If Suzy's iPhone is 1 year old, how many years is Brandon's iPhone old?	8
A giant ogre, Perg, sat at the top of Mount Farbo, angrier than anything within 1000 feet. Polly was able to throw a golden spear, the only known weapon that could reach the ogre, at a distance of 400 feet, well within reach of the ogre's rays. But when Polly held the jewel, she was able to throw the javelin three times as far as when she was not holding the jewel. Holding the jewel, how far beyond the reach of the ogre's rays could Polly stand and still be able to hit the ogre with the golden spear?	200
Mrs. Jones baked 5 apple pies for the fireman's birthday party. She cut each cake into 8 pieces and arranged five cakes on the buffet table for guests to enjoy. At the end of the evening, after the guests had taken and eaten their pieces of cake, there were 14 pieces of cake left. How many pieces did the guests eat?	26
According to its nutrition information, a bag of chips contains 250 calories per loaded portion. If a 300 gram bag has 5 servings, how many grams can you eat if your daily calorie goal is 2000 and you have already eaten 1800 calories?	48
Charlie wants to sell beeswax candles. For every pound of beeswax, he can make 10 candles. A pound of beeswax and noodles both cost $10.00. If he sells each candle for $2.00 each, what will be his total profit if he makes and sells 20 candles?	20
Meredith is a freelance blogger who writes about health topics and presents to clients every day as her full-time job. Blog articles take an average of 4 hours to research and write. Last week, he wrote 5 articles on Monday and on Tuesday he wrote 2/5 more articles on Monday. On Wednesday, he wrote twice as many articles as he wrote on Tuesday. Calculate the total number of hours he spent writing the article in those three days.	104
Candice put 80 sticky notes in her purse before leaving for work at her coffee shop. On the way, he stopped at a store and bought a package of papers with a sticker; While at work, he placed a single carton with a sticker on 220 different coffee cups. If she had 23 sticky notes left in total, how many sticky notes were in the package she bought?	163
John buys twice as many red ties as blue ties. The price of red ties is 50% more than the price of blue ties. He spent $200 on blue ties that sell for $40 each. How much money did he spend to buy a tie?	800
Tracy used a 4-foot-long piece of wire to hold the tomato plants in the field. The wire was cut into pieces 6 inches long. How many pieces did he get?	8
Richard lives in a 15-story apartment building. Each floor has 8 apartments, and 3/4 of the building is owned. What is the total number of unoccupied houses in the building?	30
Lloyd has an egg farm. His hens lay 252 eggs a day and he sells those eggs for $2 per dozen. How much money does Lloyd earn from eggs each week?	294
Tom's ship can travel at a speed of 10 miles per hour. He travels from 7 pm to 10 pm. He then travels back at a speed of 6 miles per hour. How long will it take him to return?	5
Uriah's book bag becomes too heavy for him. He needs to remove 15 pounds from that purse. Her puzzle books weigh 1/4 pound each and her dolls weigh 1/2 pound each. If he gets rid of 30 books, how many dolls does he need to get rid of?	15
Mechanics charge different rates for repairing truck and car tires. For each truck tire that is repaired, the mechanic will charge $60 and for each car tire that is repaired, the mechanic will charge $40. On Thursday, the mechanic repaired 6 truck tires and 4 car tires. On Friday, the mechanic repaired 12 car tires and did not repair any truck tires. What is the maximum income that the mechanic earned on the day he earned the most?	40
The Doubtfire sisters are driving home with 7 kittens that they took from an animal shelter in their area when their mother called them that their two house cats had given birth. He says that Patchy, the first cat, has three times as many kittens as the adopted kittens, while Trixie, the other cat, has 12. How many kittens does the Doubtfire family now have?	40
Jean has 30 candies. Jean eats 2 of the candies. For the remaining candies, Jean wants to put 2 candies in one bag. How many bags can Jean fill?	14
Pete plans to go to the movies this week. He always gets a $7 ticket and a $7 bus. If he has $42 to spend a week, how many times can he go to the movies?	3
A wooden bridge can carry no more than 5000 pounds. A delivery truck filled with identical boxes, each box weighing 15 pounds, will drive over the bridge. The total weight of the driver and empty truck is 3755 pounds. What is the maximum number of boxes that can be loaded on the truck without exceeding the weight limit of the class?	83
Stephen ordered groceries online. His last bill was $40.00. Because this was through a delivery vendor, they charged a 25% commission on his final total and charged him $3.00 as a delivery fee. Stephen also added a $4.00 tip. After additional fees, what was the final price of Stephen's groceries?	57
A raspberry bush has 6 clusters with 20 fruits per cluster and 67 fruits are scattered one by one on the bush. Do you know how many raspberries in total?	187
A basket contains 25 oranges and 1 of them is damaged, 20% are unripe, 2 are sour and the rest are good. How many oranges are good?	17
Janet buys her daughter a brooch. He pays $500 for the fabric to make it and then another $800 for the jeweler to make it. After that, he pays 10% of that to insure it. How much did he pay in total?	1430
If Mercy works for the same company for 40 years, she will receive an annual pension of $50,000 per year. Starting after 20 years, he is entitled to 5% of the pension value every year. If he retires after 30 years, how much will his annual pension be?	25000
Aleena signed up to a streaming service that charges her $140 a month. If the streaming company charged him the original rate for the first half of the year and then charged him a 10% lower rate for the second half of the year, calculate the total amount he had paid for the streaming service at the end of the year.	1596
Sophia is thinking of going on a road trip in her car, and would like to know how far she can go on one tank of fuel. He has traveled 100 miles since the last time he filled his tank, and he needed to add 4 gallons of gasoline to refill his tank. His car's manual says that his tank holds 12 gallons of motor oil. How many miles can Sophia drive on one tank of gas?	300
Jim spends 2 hours watching television and then decides to go to bed and read a book for half that time. He does this 3 times a week. How many hours does he spend watching television and reading a book in 4 weeks?	36
There are four schools competing in the basketball tournament. Each school has sent a girls basketball team and a boys basketball team and each team has 5 players. Each school has also sent a coach for each team. In total, how many people have all the schools sent?	48
A treasure hunter found a buried treasure that was full of jewels. There were 175 diamonds, 35 fewer rubies than diamonds, and the number of emeralds was twice the number of rubies. How many jewels were there in total in the treasure?	595
The number of boys in R. Wertz's school is twice the number of girls. If there are 60 girls and 5 students per student, how many teachers does the school have?	36
Bailey starts with a certain amount of money. He then receives weekly bonuses of $5 for 8 weeks. At the end of 8 weeks, if he has a total of $100, how much money did Bailey start with?	60
Judy teaches 5 dance classes, every day, weekdays and 8 classes on Saturdays. If each class has 15 students and he charges $15.00 per student, how much money does he make in 1 week?	7425
Kelian has two recipes for preparing meals, one has 20 recipes and the second one has three times more recipes than the first recipe. How many recipes does Kelian need to read to prepare two meals?	60
Tommy makes a donation to his stock by selling brownies for $3 per slice and cheesecakes for $4 per slice. Tommy sold 43 slices of brownie and 23 slices of cheesecake, how much money did Tommy raise?	221
Shiela bought five cell phones for $150 each with 3 month slow payments. 2% interest will be charged on each cell phone. How much will Sheila pay each month for 3 months?	255
Artie has a stand selling flowers at the Farmers Market. He sells three types of flowers: marigolds, petunias and begonias. He sells marigolds for $2.74 per pot, petunias for $1.87 per pot and begonias for $2.12 per pot. Artie doesn't have any low denomination coins so he decides to make all his prices to the nearest dollar. If Artie sells 12 marigolds, 9 petunias, and 17 begonias, how much money will he make?	88
Luke is relaxing on the beach building sand castles. He eventually discovers that each level of the sandcastle will contain half a square foot of the level below it. If he is building a 4-level sandcastle where the top level is 16 square feet, what is the average square feet of the level?	60
Cecilia has bought a small baby rabbit. According to her vet, she needs to feed the puppy 1 cup of puppy food every day for the first 180 days. He then needs to feed the puppy 2 cups of puppy food every day for the rest of his life. If one bag of dog food contains 110 cups, how many bags of dog food will Cecilia use in the first year?	5
If Raymond does half as much laundry as Sarah does, and Sarah does 4 times as much laundry as David, calculate the difference in the amount of laundry that Raymond and David do if Sarah does 400 pounds of laundry.	100
Vincent can buy flowers in 3-packs for $2.50 or in 2-packs for $1. How much money does he save by buying 18 flowers at the best price?	6
John takes the dog. He takes the dog to a cleaner, at a cost of $100. The cleaner is giving her a 30% discount for being a new customer. How much money will the consolidation cost him?	70
Two girls each got 1/6 of 24 liters of water. Then the boy got 6 liters of water. How many liters of water were left?	10
Charlie had 10 stickers. He bought 21 stickers at the store in the mall and got 23 stickers for his birthday. Charlie then gave his sister 9 stickers and used 28 to decorate a greeting card. How many stickers does Charlie have left?	17
Grace weighs 125 pounds. Alex's weight is 2 pounds about 4 times Grace's weight. What is their total weight in pounds?	623
Dan plants 3 rose bushes. Each rose bush has 25 roses. Each rose has 8 thorns. How many thorns are there in total?	600
The football team played 22 games. They won 8 games more than they lost. How many games did they win?	15
Gene sews a quilt using old souvenir t-shirts. He has one shirt from every vacation he's ever been on. Each shirt is the biggest part of its owner. Each row is made up of large parties from a different holiday year. He goes on four holidays a year and has been going on holiday since he was 23. He is now 34. How many large parties does he have in total?	44
Greg has set the siren to go off three times a day as a reminder. When the siren starts going off, it keeps going until Greg turns it off. The first time it started crying today, it cried four times. The second time it started to cry, it cried three times more than the first time. The third time it rang, it rang half as loud as the second time. How many times did the siren go off in total?	22
The company pays each of its employees $600 per month. The company has a policy of increasing the salaries of each employee by 10% of the previous salary every year for those who have been in the company for five years. If Sylvie reached 5 years in the company last December, what is her annual salary after three more years of serving the company?	9360
Marilyn's first record sold 10 times more copies than Harald's record. If they sold 88,000 copies in total, how many copies did Harald sell?	8000
Christina is planning a birthday party and needs .75 gift bags for each guest invited, because 1/4 of the attendees did not attend. Invited 16 friends. Gift bags are $2 each. How much money will he spend?	24
Ted the T-Rex was planning to deliver the pickled potato to the dinosaurs. He knows that a large dinosaur will eat 10 lbs of pickled potatoes, and a baby will eat half as much as a large one. If there are 20 adults and 5 children in the manger, how many pounds of pickled potatoes does Ted need to bring to the manger if he hopes to feed each dinosaur?	225
Jani's number of pets is three times that of Marcia's. Marcia has two more pets than Cindy. If Cindy has four pets, what is the total number of pets for these three people?	28
Emily has 4 children known as Amy, Jackson, Corey, and James. Ami is 5 years older than Jackson and 2 years younger than Corey. If James is 10 years old and 1 year younger than Corey, how old is Jackson?	4
Lee could run the 400 meter hurdles two seconds faster than Gerald could run the 400 meter hurdles. But Gerald changed his diet, which improved his speed by 10%. If Lee runs the 400-meter hurdles in 38 seconds, in how many seconds can Gerald, with his improved diet, run the 400-meter hurdles?	36
In the neighborhood, the number of rabbits is small and twelve to the total number of dogs and cats. If there are two cats for every dog, and the number of dogs is 60, how many pets are there in total in the neighborhood?	348
For 200 5th grade students, 2/5 are boys and 2/3 of girls are in girl scouts. How many girls are not in girl scouts?	40
Harry slept for 9 hours last night. His friend James only slept 2/3 of the hours that Harry slept. How many more hours did Harry sleep than James?	3
When Freda cooks canned tomato sauce, they lose half their volume. Each 16-ounce can of tomatoes he uses contains three tomatoes. The last package of Freda's tomato sauce made 32 ounces of sauce. How many tomatoes did Freda use?	12
Cars are lined up on the road. Some of those cars pass in the first 15 minutes of traffic, then 20 more cars pass in the remaining 15 minutes of traffic. 5 cars from the line move off the main road so they don't drive into that traffic. If there were originally 30 cars on the road, how many cars passed the traffic in the first 15 minutes?	5
Mary a passionate gardener. Yesterday, he received 18 potted plants from his favorite nursery. He already has 2 plants in pots on each of his 40 window frames in his large backyard. Being generous, he has decided that tomorrow he will give 1 potted plant from each plant to friends and family. How many plants will Mary have left in the pot?	58
Jerome had 4 friends who came to visit him one day. The first friend rang the doorbell 20 times before Jerome opened, the second friend rang the doorbell 1/4 times more than Jerome's first friend. The third friend pressed the bell 10 times more than the fourth friend. If the fourth friend rang the doorbell 60 times, how many times did the doorbell ring?	175
Solo is required to read 4 pages from his Science textbook, 20 pages from his Social Studies textbook, 7 pages from his History textbook and 8 pages from his Geography textbook. Solo read 15 pages on Monday. If he has 4 more days to complete all the pages to read, on average how many pages does he need to read per day?	6
John likes to drink a glass of water during staftah, chamcha and chajio. Finally, you don't drink one glass before going to bed. John does this every weekday, but on the weekends he likes to relax and drink soda instead of water during the recharge. How many glasses of water does John drink a week?	26
A cloud of fog rolls in from the sea and covers the city. It takes 10 minutes to cover every 3 miles of the city. If the city is 42 miles wide from the beach to the other side of the land, how many minutes will it take for the fog to cover the entire city?	140
Poppy solves a puzzle with 1000 pieces. She gets a quarter of the pieces on the board, then her mother gets a third of the remaining pieces. How many pieces are left unplaced?	500
Cody eats three times more cookies than Amir eats. If Amir eats 5 biscuits, how many biscuits do both of them eat together?	20
John has 3 boxes. Each box is 5 inches by 6 inches by 4 inches. The walls are 1 inch thick. What is the total interior space of all 3 boxes?	72
Frankie watches television after completing his extra work every night. On Mondays and Tuesdays, he watched a 1-hour episode of his favorite movie every night. On Wednesday, he watched a few episodes of a 30-minute show. On Thursday, he finished his extra work early and watched a 1-hour episode and a 30-minute show. On Friday, he stayed up because of the weekend, so he watched two 1-hour episodes. If he watched an hour 7 of television in total, how many 30-minute episodes did he watch on Wednesday?	3
Henry is making cookies for a local baking competition. He wants to make twice as much as he made last year. When he finishes baking, he realizes that he baked 15 more cookies than he expected. 5 cookies fell while he was putting them out to cool, and now he has a total of 110 cookies. How many cookies did Henry bake last year?	50
Your local gas station sells a gallon of gas for $3.00. The software company offers cash back of $.20 per gallon when you fill up at this station. If someone buys 10 gallons of fuel, how much will their fuel cost after cash back awards?	28
Marcell and Beatrice have a competition to see who can eat the most rolled fruit, so they unroll as much as they can. Unfortunately, someone makes a mistake as Beatrice's fruit was two folds wide and 24 folds long while Marcel's fruit was 3 folds wide and 14 folds long. If they both ate all of the fruit, how much did they eat on average?	45
Julia's boat started leaking while she was on the lake. The boat was taking in two liters of water for every ten feet he pulled the scissors back to shore. It took him sixteen seconds to row twenty feet. The shore was 64 seconds away. How much water had the boat taken in when Julia reached the shore?	16
The classroom has a shared whiteboard between 4 teachers who take turns using the classroom. Each teacher has 2 lessons a day and uses the same white board in each lesson. If the whiteboard is erased 3 times per lesson, how many times a day is the whiteboard erased?	24
Ryan plants 2 mua a day in his garden. After 15 days, how many flowers will he have if 5 flowers have not grown?	25
Jamal's phone can hold 6 times more photos than Brittany's phone. The maximum number of photos that Brittany's phone can hold is 50 times the number of birds in Jamal's photo of ducks in the zoo. If Jamal's phone can hold 1800 pictures, how many ducks can be seen in Jama's picture of ducks at the zoo?	6
Sasha has noticed that log prices have increased by 50% in the past few months after buying more logs. Since he has what is left, he decides to sell it. He has ten scrap 2 x 4 x 10 boards that cost him $10 each. He also has five 4 x 4 x 10 boards that he bought for $16 each. If he sold them all, how much profit did he make?	90
Katy makes coffee using small spoons of sugar and cups of water in a ratio of 7:13. If he used a total of 120 teaspoons of sugar and cups of water, count the number of teaspoons of sugar he used.	42
John buys 2 pairs of shoes for each of his 3 children. They cost $60 each. How much did he pay in total?	360
The customs officer at the main port of inspection at SeaSide counted 2 containers of exported vehicles, each container containing 5 vehicles. The next day, more containers were brought in, and the total number of cars in the port was 30. Calculate the number of containers that were imported on the second day, assuming that all the containers contained 5 cars.	4
Adrien's total salary was 30 percent above Lulah's salary. Four years later, his salary had increased, and he was earning 40% more than what he was earning four years ago. If Adrien's and Lylah's salaries were equal, and Adrien was earning $40000 four years ago, calculate the total salary that the two people were receiving four years later?	95200
Miguel uses 2 pads of paper a week in his paintings. If there are 30 pages of paper in one pad of paper, how many pages of paper does he use each month?	240
Morisette and Kael were told to bring fruit. Morisette brought 5 apples and 8 oranges, while Kael brought twice the number of apples and half the number of oranges that Morisette brought. How many fruits do they have in total?	27
Sadie slept at 8 on Monday. For the next two days, he slept 2 hours less, each, because he needed to complete his extra work. If on the remaining days of the week he slept 1 hour more than those two days, how many hours did he sleep in total during the whole week?	48
Rosie can run 10 miles per hour for 3 hours straight. After that, he will run 5 miles per hour. How many miles can he run in 7 hours?	50
Jennie helps in her mother's office. He has a stack of 60 letters that need to be stamped, and a stack of letters that are already stamped. He stamps one-third of the letters that require a stamp. If there are now 30 letters in the pile of stamped letters, how many letters were in the pile before Jennie started?	10
Julia was organizing a dinner party in her house, where she had aimed to download the sauce to the people. He realized that his plastic spoons were gone, so he bought a package of new spoons. Later, her husband also bought a package of 5 new spoons and gave them to Julia. When Julia was preparing the sauce, she used three of the spoons to taste her sauce. Later, when she went to set the table, she had a total of 12 spoons. How many spoons were in the package that Julia bought?	10
Dylan needed to grow sausages and fish sausages to prepare a sausage sizzle for the party. He bought 38 chicken sausages and 6 more fish sausages than chicken. How many sausages did Dylan buy in total?	82
After moving to a new school, Amy made 20 more friends than Lily. If Lily made 50 friends, how many friends do Lily and Amy have in total?	120
Wells' mother sells cantaloupes, peppers, and oranges at a local store. The price of a melon is three times more than the price of each pepper. The price of melons exceeds the price of oranges by 5. Dillon is sent to the store to buy 4 melons, 20 peppers, and 10 oranges. How much will he spend in total if the price of each pepper is $15?	880
The hospital serves 500 people a day. Each patient is treated for an average of 24 minutes. Doctors charge hospitals $150 an hour and hospitals charge patients $200 an hour. How much money does the hospital make on these trips?	10000
Nissa hires 60 seasonal workers to play elvu in her department store's Santa village. One third of them leave after the children vomit on them, then 10 of the rest leave after the children kick them. How many are left?	30
Joseph's spending in May was $500. In June, his spending decreased by $60. How much was his total spending for those two months?	940
Pam and Fred went to the carnival. Pam rode the rollercoaster 2 times while Fred rode it 4 times. After that, they each decided to ride the roller coaster 2 times. If each ride cost 6 tickets, how many tickets did they both use that day?	60
On Monday, Walt walked 4 miles. On Tuesday, he walked 6 times as many miles as he walked on Monday. The total number of miles he walked from Monday to Wednesday was 41 miles. How many miles did he walk on Wednesday?	13
Tom washes the car 4 times a month. If every time he washes his car he pays $15, how much does he pay per year for a car wash?	720
Brian's friend Bobby has video games that are less than 5 to 3 times Brian's video games. If Bria has 20 video games but lost 5 before the comparison is made, how many video games does Bobby have?	40
There are 27 horses left in the world. A third of them are in the Scottish Highlands. Two-thirds of Scottish parishes are female. How many female Scottish ponies are there?	6
Rory has ordered 2 sandwiches for $7.50 each, 2 bags of chips for $1.50 each and 2 cookies for $1.00 each. There is a 20% delivery fee added at checkout and she wants to add a $5.00 tip. How much will the total cost be?	29
Mark did an exercise yesterday with 75 questions. He completed the exercise at a rate of 5 questions per hour. Today, he did another exercise with 100 questions for that level. If Mark had 8 hours to complete the first exercise and 6 hours to complete the second exercise, how many questions did he leave unfinished?	105
In the candy machine, there are 22 pink candies more than four times as many blue candies. If there are 12 blue candies, how many pink candies are there?	70
Of the 20 cars available for rent, 12 are automatic cars, 4 are manual cars, and the rest are semi-automatic. What percentage of those cars are semi-automatic cars?	20
There are 700 bees in a beehive. The number of worker bees is twice that of the baby bees, and the number of baby bees is three times that of the queen bee. How many bees are there to work?	400
Jordan plays video games 2 hours a day. He also has a part-time job where he is paid $10 an hour. How much money would Jordan make in a week if he used his video game time to work?	140
John buys milk for $2, eggs for $3, light bulbs for $3, cups for $3, and bug traps for $4. If there is a 10% tax on all non-food items, what was the total cost? .	16
Kim has started her own house cleaning business and is calculating the profit she will get from customers. He already has 3 clients, but is talking to 5 more and feels confident enough to add them to his tally. Each customer's home will need 2 bottles of chlorine and one package of wipes. Chlorine bottles are $2 each and cloth packs will cost $5 each. These are its only utility costs. He calculates that his total income for the week will be $92. Profit is the difference between total revenue and total utility costs, so how much profit, in dollars, will Kim earn per week?	20
John has 10 hectares of pineapple plantation. There are 100 pineapples per hectare. John can harvest his pineapples every 3 months. How many pineapples can John harvest in a year?	4000
Johnny picks up toys from the floor of his room. He had thrown a lego box with 500 pieces on the floor, another with 3 times as many pieces as the one with 500 pieces, and another with 1/4 the number of pieces. How many pieces will Johnny pick up if he picks up all the legos?	2,125
Debra monitors the beehive to see how many bees come in and out in a day. He usually sees 30 bees leave the hive in the first 6 hours, and then sees 1/2 that number return in the next 6 hours. He sees twice as many bees as he saw leaving the first time fly out of the hive and out over the next 6 hours. Then every bee that left before then returns in the next 6 hours. How many bees did Debra see returning to the hive in the last 6 hours of the day?	75
Brittany and her mother go to the museum. Admission is $12 for adults and $10 for children. Brittany's mother pays for 1 child's ticket and 1 adult's ticket. If she got $8 back, how much, in dollars, did she pay?	30
Charlie has three times as many friends as Dorothy on Facebook. James has four times as many friends as Dorothy's on Facebook. If Charlie has 12 friends on Facebook, how many friends does James have on Facebook?	16
Steve and Tim decide to see who can get home from school the fastest. Steve lives further away from Tim, so he is allowed to ride his bike. Steve lives 3 miles from school and can ride a bicycle at a speed of 440 feet per minute. Tim lives 2 miles away from the school. If Tim can ride his skateboard at a speed of 264 feet per minute, how long will the winner wait at home before the loser gets to theirs?	4
Shawnda has decided that the kids in her neighborhood could really use a bike booster. He decides the best way to charge is per tire. Each tire costs 25 cents to inflate. On the first day, 5 people on bikes came to have their tires inflated each. 3 people came to add air to their three tires each. Finally, a man came on a unicycle. How many dollars did he earn that day?	5
Carl buys ten packages of biscuits. Each package of biscuits has six biscuits in it. Each cookie costs $0.10. How much money will Carl get back if he pays with a $10 bill?	4
Dave bought a large package of chips and ate fourteen before a hungry seagull stole the package from his hand. When the seagull landed, it swallowed half of the treats that Dave had eaten. Then three doves chased him away from the food, and each dove ate three treats. Later, the raccoon stole two-thirds of the remaining chips. Siafu carried the last chips, leaving five behind. How many chips were in the package when Dave bought it?	48
On Mondays, Wednesdays, and Fridays, Kimo, a college student, has three 1-hour lessons each day. On Tuesdays and Thursdays, he has two 2-hour lessons each day. In one term, there are 16 school weeks. In one semester, how many hours does Kimo spend attending classes?	272
Bill bakes 300 cookies, 120 chocolate croissants, and 60 baguettes every day. Each scone is 4 inches long, each croissant is 6 inches long, and each baguette is two feet long. If Bill connects all those products in one line, how many feet long will the line be?	280
The zookeeper feeds all the monkeys in the zoo. He orders all the bananas from the local farm every 2 months. If the monkeys need 200 bananas, the chimpanzees need 400 bananas, and the chimpanzee needs 100 bananas every month, how many bananas does he need to order to last for 2 months?	1400
Blake and Kelly are competing to see who can run the furthest in 15 minutes. They have decided to compete in a 100-yard football field. Blake runs back and forth 15 times. Kelly runs back and forth once, and then decides she doesn't want to run alongside Blake. , so he starts running to the 40 yard line back and forth. He does this 34 times. How far did the winner run than the loser?	80
Raphael went to buy some school supplies. He bought 4 pens for $1.50 each, 2 notebooks for $4 each, and a stack of paper for $20. How much did Raphael spend on everything?	34
Finn watches 11 baby frogs swimming in a pond. Suddenly he sees 6 coming out of hiding under a lily, and then 2 of them hide under a rock. How many baby frogs can Finn see in the pond right now?	15
The water tank is 17 feet deep on Monday. On Tuesday, the tank has 7 feet more water. On Wednesday, the water depth is two-thirds of the depth it was on Tuesday. How deep is the water in the tank on Wednesday?	16
Anakin and Locsin went to the beach today. Anakin caught 10 octopuses, 6 seahorses, and 3 seahorses. While Locsin caught 5 fewer octopuses than Anakin, 3 fewer seahorses than Anakin, and 2 more seahorses than Anakin. How many fish did both of them catch in total?	32
If the price of a bag of marbles is $20 and the price increases by 20% of the original price every two months, what will the price of a bag of marbles be after 36 months?	92
In the room, there are various toys: 5 red cars, 3 war equipment, and a doll. The cost of one doll is the same as 3 battle kits and one red car is $4. What is the cost of all the toys, if one war kit costs $5?	50
Jackie is trying to decide whether to do her taxes herself or hire an accountant. If he does the taxes himself, he will be able to do 3 less hours of his freelance work, and lose $35 in income every hour. The accountant charges him $90. How much money will he save if he gives the job to an accountant?	15
For her 30th birthday, Elvira chose a new computer with more features as a present. He has a budget of 1500 euros contributed by his whole family and he thinks that he will be able to save enough money to buy clothes. He goes to a computer store and chooses a machine that costs 1090 euros with a screen, keyboard and mouse. He also buys a scanner for 157 euros, a copier for 74 euros and a printer for 102 euros. How much money will he have left to buy his clothes?	77
Sandra's neighbor gives her a basket of 9 eggs every time she is their daughter's nanny. To make a Spanish cake, she needs 3 eggs. If Sandra is tasked with making 15 Spanish cakes for her school's fundraiser, how many babysitting jobs will Sandra need?	5
Seth's age is twice Brooke's age. After 2 years, the sum of their ages will be 28. How old is Seth?	16
Jimmy has $2 more than double Ethel's money. If Ethel has $8, how much money does Jimmy have?	18
Pancho walks 20 miles a day. Except on weekends he walks 10 miles. How many miles does he walk in total per week?	120
The marching band is ordering new uniforms. Each uniform comes with a hat that costs $25, a jacket that costs three times the price of the hat, and pants that cost the average price of the hat and jacket. How much is the total price of each uniform?	150
Jake walks through the Museum of Entomology. He sees 80 spiders with 8 legs each, 90 insects with 6 legs each, and 3 strange animals that have 10 legs each. How many legs does Jake see in total?	1210
There are four birds in the Caboose. Sally Two is three years older than Granny Red. Granny Red's age is twice Sally Four's age. If Sally Four is the same age as Sally Thirtytwo, and Sally Thirtytwo is 8 years old, what is the total age of these four birds?	51
Jessica is trying to figure out how much to pay off all her debts each month. Her student loans have a minimum payment of $300 per month, her credit card minimum is $200 per month, and her mortgage payment is $500 per month. If Jessica wants to pay 50% more than the minimum, how much does she pay per year?	18000
Billy peels and cuts potatoes as he prepares to make potato salad for his big family reunion barbecue. It's a big event, so he has 60 potatoes to handle. The potatoes are about the same size, so it takes about an hour to peel and cut each one. It takes Billy a minute and a half to peel a potato, but only 5 seconds to cut it. How long will it take Billy to finish preparing the potatoes?	95
Juan and his brother Carlos sell lemonade. For every gallon that they make it costs them $3 of lemonade and $2 of sugar. They sell each glass for $0.50 and a gallon holds 20 glasses. If they made a profit of $25, how much did they spend on lemonade?	15
In a race with 240 Asians, 80 were Japanese, and the rest were Chinese. If the number of boys on the Chinese team was 60, how many girls were on the Chinese team?	100
Zaid spends 1/4 of his salary to pay rent, 1/3 to buy car fuel and half the remaining amount to his preferred stock. He always gives his daughter $200 to spend on weekly expenses and gives his wife $700 to buy groceries and other household goods. If Zaid is paid $6000 each month, how much money will he still have left after all expenses and all contributions?	350
Rani has ten more crabs than Monic, who has 4 fewer crabs than Bo. If Bo has 40 crabs, count the total number of crabs that the three people have.	122
Lloyd earns $10 an hour tutoring someone in Math. The first week he trained for 5 hours and the second week he trained for 8 hours. How much money did he earn in the first two weeks?	130
Two candidates are running for class representative at Sarai school. If the winner got 3/4 of the votes and the total number of students who voted in that class was 80, calculate the number of votes the loser got.	20
Sandra, a nearby florist, is not happy that Fred did not complete the delivery of the order. Sandra had ordered four times as many red roses as white flowers. He also ordered 200 pink lilies, which were five times the number of white flowers. Sandra has threatened to change suppliers if the missing red rose is not delivered by 11pm. To keep Sandra's business, how many red roses must Fred deliver before 11 p.m.?	160
Jean is two years older than Mark. Two years ago Mark was 5 years more than half Jan's age. If Jan is 30 years old, how old is Jean?	23
Two track and field teams compete against each other in the 4 400 meter relay; a race where each competing team consists of four members who each run 400 meters, or one lap, across a full field. One of the two teams has good runners and each of them will run their 400 meter course in 55 seconds. The other team does not have such good runners; their first runner will run their 400m course in 60 seconds and then each subsequent runner will be 3 seconds faster than the previous one. Using this information, by how many seconds will the team with the fastest sprint win?	2
Jerry plays six-sided dice. What is the greater probability (in percentage) that he will roll a number greater than 3 than rolling two numbers twice in a row?	25
Jenna and her mother picked apples from their apple orchard. Jenna picked half of the apples her mother picked. If her mother got 20 apples, how many apples did they both pick?	30
Russel works at a pet store and distributes tubes among rodents. Rats are placed in 3 cages in matched groups and each rat is given 6 pieces of tube. There are 10 stalls of buku who are kept alone and each buku is given 5 tubes. There is also a group of rabbits where 20 pieces of tube are divided among the rabbits. No tube is used elsewhere in the store. If 160 tube pans were distributed among the hamsters, how many rats are there in each cage?	5
Mendy owes Benedict $100. They have agreed to have a monthly interest of 2%. If Mendy was able to pay after 3 months, how much money should he give Benedict?	106
A retailer buys bags of wheat flour from a farmer at a rate of $20 per bag. If the cost of transporting each bag from the farm to the warehouse is $2, and the seller made a total profit of $400 after selling all the bags at $30 each, how many bags did he sell?	50
Three friends spent $20.25 to buy 3 tickets to a show. They also bought food and the price of the ticket had beaten the price of the food by $4.50. They also went on 2 separate trips at a price of $33 each. If they agreed to split all costs equally, how much did each of them pay?	34
John collects peaches in 3 hours. He can collect 2 peaches in one minute. How many peaches will he collect in total?	360
Ducks need to eat 3.5 pounds of insects each week to survive. If there is a flock of ten ducks, how many pounds of insects do they eat in total per day?	5
Tom plants 10 trees every year. Every year he also cuts 2 trees. He starts with 50 trees. After 10 years 30% of the trees die. How many trees does he have left?	91
Sue lives in a lively neighborhood. One weekend, the neighbors decided to play a prank on Sue. On Friday morning, neighbors placed 18 pink plastic flags in Sue's front garden. On Saturday morning, the neighbors removed a third of the flamingos, painted them white, and then returned these painted flamingos to Sue's front garden. Then, on Sunday morning, they added 18 more pink plastic flamingos to the collection. At noon on Sunday, how many more pink flamingos were there than white?	24
Violetta wants to buy new crayons. He needs them to be 5 different colors and has $20 ready to make this purchase. The price of one crayon is $2. How much money will he get back?	10
The price of the pen is equal to the sum of the price of the pencil and the price of the eraser. The price of a pencil is $1.20 and the price of an eraser is $0.30. How much money will 8 pens cost?	12
200 pounds of carrots should be distributed to 40 restaurants in a certain city. Each restaurant should receive 2 pounds of carrots. How many pounds of carrots will not be used?	120
In the city of Soda, there are 23786 inhabitants. They include 8417 men and 9092 women. The rest of the people are children. How many children are there in Soda city?	6277
Elaine originally had 20 Pokemon cards. After a month, he collected three times that amount. In the second month, the cards he collected were less than the cards he collected in the first month and 20. In the third month, he collected twice the total number of pokemon cards he collected in the first and second months. How many pokemon cards does he currently have in total?	320
Mark is a copy editor. He edits a reasonable number of sentences each week for two different publishers, each of whom pays him a different rate per sentence. Publisher B pays Mark twice what Publisher A pays him. Mark edits a total of 1000 sentences each week, and Publisher A pays him 5 cents per sentence. How much money does Mark make per week, in cents?	7500
Baldur gets water from a well. He draws 5 buckets of water every morning and 6 buckets of water every afternoon. If each bucket contains 5 liters of water, how many liters of water does he get each day?	55
John wins an award at work. The award consists of a 1-time cash prize of $5000 and a 5% salary increase. If his weekly salary is 2000 and he got an award on the first day of the year, how much money did he make in total that year?	114,200
Josie grows grapes on her 10-acre farm. Each acre produces 5 tons of grapes each year, and each ton of grapes makes 2 barrels of wine. How many barrels of wine does his farm produce per year?	100
Carl's favorite food is cheese. He ate sandwiches every day this week at lunch and used 2 slices of cheese on each sandwich. He ate cheese and egg omelets during fasting 3 days that week and one omelet had one more slice of cheese than in his sandwich. She made a large meal of macaroni and cheese enough to fit several loads for the week and used 8 slices of cheese in the meal. How many slices of cheese did he use in total?	31
Janet had 22 green pens and 10 yellow pens. Then he bought 6 bags of blue pens and 2 bags of red pens. There were 9 pens in each blue pen bag and 6 pens in each red pen bag. Now how many pens does Janet have in total?	98
Brinley is in Mr. Math's class. Bert. Mr. Bert gives six exercises each semester. He always allows students to subtract the lowest score from the average result each semester. If Brinley has scores of 89, 71, 92, 100 and 86 on the first five exercises, how many points does he need on the sixth exercise to have an average of 93?	98
Micheal likes to ride a bike. He drove it at least 5 times a week and went 25 kilometers a day. He did that for four weeks, and then he decided to cycle only 2 times a week, but for 60 km each time, and he did that for 3 weeks. How many kilometers did Micheal do in total?	860
Joe's bag of Halloween candy contains 25 chocolate candies and 80 apple candies. Each chocolate candy weighs twice as much as an apple candy. If each chocolate candy weighs 40 grams, how much does Joe's bag of candy weigh in total, in grams?	2600
Rose went to the store on Monday and bought 4 cakes. On Tuesday she went to a different store and bought three times the number of cakes she bought on Monday. On Wednesday he went to another store and bought 5 times more cakes than he bought on Tuesday. How many cakes did he buy in total for those three days?	76
The price of twenty dozen cups is $1200 less than the total cost of half a dozen plates that sell for $6000 each. Calculate the total price of each cup.	145
Sara wants to buy herself a new jacket and 2 pairs of shoes. The jacket he wants is $30 and each pair of shoes is $20. Sara watches her neighbor's children 4 times, earning $5 each time she watches them. His parents pay him $4 every time he mows the lawn. If Sara already had $10 in savings before she started babysitting the neighborhood kids, how many times will she need to mow the lawn before she can afford the jacket and shoes?	10
Jerry has a flock of chickens. Red hens produce 3 eggs per day, and white hens produce 5 eggs per day. Every day Jerry collects 42 eggs. If he has two more white chickens than red ones, how many red chickens does he have?	4
Gary likes to walk along the edge of a local park, which is rectangular in shape and measures 1.5 miles by 6 miles. If he walks 3 miles per hour, how many hours does he spend walking?	5
At the dollar store, Sloane counts 100 customers entering the store. The next day, he counts 50 more customers than the first day. If the total number of customers by the third day was 500, how many customers did he count on the third day?	250
Jerry has two pools, both of which leak at a rate of 4 barrels per minute. 4 minutes ago, the large pool had twice the amount of water in the small pool. Now the large pond contains four times as much water as the small pond. How much water is in the small pond now?	8
Lori wants to buy a pair of shoes for $320.00 and a matching belt for $32.00. His part-time job pays him $8.00 an hour. How many hours will he need to work before he can make the purchase?	44
Janeth lent $2000 and promised to pay back an additional 10% of that amount. If she will be paying $165 each month for 12 months, what will be Janeth's remaining balance by then?	220
There are 4 roses in a vase. There are 7 more dahlias than roses in the vase. How many flowers are there in total in the vase?	15
Adrian's age is three times Harriet's age, and Harriet's age is half Zack's age. Calculate the average age of all three after three years if Harriet's current age is 21.	45
Four students scored a total of 251 points in the board game. Naomi scored 68 of them. Yuri scored 10 points more than half of Naomi's score and Brianna scored 17 points more than Naomi. How many marks did Jojo get?	54
It usually takes Carmen 10 minutes to complete a crossword puzzle and 5 minutes to complete a sudoku puzzle. Wikeni solved 3 crossword puzzles and 8 sudoku puzzles. How much time did he spend in total playing these games?	70
The water tank is filled with 120 liters of water. Celine used 90 liters of water from the tank to spray her farm. Then he was able to draw rainwater that is twice as much as the water that was left. How many liters of water are in the tank at the moment?	90
Andy has planted 90 geraniums and 40 more purple geraniums. How many flowers has he planted in total?	140
A company spends $15,000 on advertising in one year, and then spends one-third of that amount on advertising the following year. What is the total amount of money that the company spent on advertising in those two years?	20000
Carlos and Benji are on the beach. Carlos rents a boat for $30 an hour and Benji rents a banana boat for $18 an hour. If Carlos uses his boat for 3 hours and Benji uses his for 5 hours, how much will they both pay in total?	180
Andrew is planning a trip from New Jersey to Rochester. It takes 6 days to travel by bus and half of those days to travel by car from New Jersey to Rochester. How many days will he travel if he plans to go to Rochester by bus and return from Rochester by car?	9
James counts his Pokemon cards. He has 30 types of fire, 20 types of grass, and 40 types of water. If he loses 8 types of water and buys 14 types of grass, what is the percent chance of randomly picking a water type card (rounded to the nearest whole number)?	33
Chad ordered a homemade barito at lunch. The bottom bar is $6.50. He adds extra meat for $2.00, extra cheese for $1.00, avocado for $1.00 and 2 sauces for $0.25 each. He then decides to upgrade his meal by $3.00 more to add chips and a drink. Aka the $5.00 gift card that she uses to pay. How much money does he still owe?	9
Kalinda is working on a 360 piece puzzle with her mother. Usually Kalinda can add 4 pieces per minute. Her mother can basically do half the pieces that Kalinda can put together in a minute. How many hours will it take you to complete the puzzle?	1
The melon farm produced 120 melons. Ashlyn went to the farm after two months and found that 30% of the melons were ready to be harvested, so she harvested them and brought them home. When he returned two weeks later, 3/4 of the remaining melons were ready, so he harvested them. How many watermelons were not ready to harvest after those two weeks?	21
Mark buys 12 cars in his company. Each car sells for $20,000. He pays a 10% tax on the cars and then a $1000 registration fee for each of them. What is the total amount of money he paid for everything?	276,000
Kylie and Robert enjoy going to the beach to collect trophies. On Monday, Kylie collects 5 more cups than Robert, who collected 20 cups. On Tuesday, Kylie collects 2 times more cups than she collected on Monday. How many trophies did Kylie collect on Tuesday?	50
Dax went to their farm to pick apples and ant which is half the number of siafa in the farm. If there were 50 insects, count all the insects in total in the field.	75
There are 36 penguins basking in the snow. A third of them jump and swim in the ocean. Another third enter the cave to eat their night meal. How many penguins are left still sunbathing?	12
Steve decides to start eating more tomatoes and decides to plant his own tomatoes. He always eats twice as much as his fianc. He usually eats 6 a day. If one tomato plant can produce 3 tomatoes per week, how many tomato plants does it need?	21
John orders pizzas to share with his friends. There are 20 friends in total, and John needs to make sure they each get 4 slices. Pizzas are sold in only 8 slices. How many Pizzas does John need to order?	10
Ram uses a lot of pens. He realized that he could save money by mixing the ink from five empty pens to make one pen. If he buys 25 pens and then uses them to make new pens when the ink runs out, how many pens will he have in total?	31
Johnny took his $20 allowance and added an additional $10. Then he invested this sum of money, which tripled after a year. How much money did he have after one year?	90
Mary is two years younger than Joan, Joan is five years older than Jessa. If Jessa is 20 years old, what is the total age of these three girls?	68
The number of students in the school hall was 1000. The hall had 3 doors which are A, B, and C which were used to enter and exit. If after the meeting 30% of the students left the building through door A, 3/5 of the rest left through door B, and the rest left through door C, count the number of students who left through door C.	280
James 6 more sweets than Robert. John has twice as many candies as Robert. If John has 54 candies, how many more candies does John have than James?	21
Dolly has two books. Pandora has one. If Dolly and Pandora read each other's books as well as their own, how many books will both of them have read at the end?	6
Mike was friends with 5 people. He stopped being friends with 2 of them. They send each other 2 letters every week and those letters are 5 pages long. He always responds generously. He can write a page in 6 minutes. How many hours does he spend writing a letter a week?	3
Jason has a 1000 minute monthly phone plan. Every day he calls for 15 minutes talking to his boss, and he has talked on the phone for 300 minutes with other people this month. How many minutes does Jason still have left if this month has 30 days?	250
Griffin had 24 chips, but Kyle took 5. Billy took twice as much as Kyle. Ginger gave Griffin some treats, and then Colby took from Griffin 3 less treats than Kyle had taken. If Griffin ended up with 27 chips, how many chips did Ginger give Griffin?	20
There are 4 snails in one tank and 32 snails in another tank. The difference between the number of snails in these two fish tanks is twice the number of fish in both fish tanks. If both fish tanks have the same number of fish, how many fish are in each fish tank?	7
Jean's makeup artist charges $250 hourly. He needs very expensive makeup for the film he is doing and it takes 6 hours to do it every day and he needs it done 4 times a week. The film takes 5 weeks to complete. After the movie ends the makeup artist gives Jean a 10% discount because of the level of work she did. How much did Jean pay him?	27000
Isabelle bought party supplies for her little sister's birthday party. She spent $12 on cake ingredients, $43 on birthday gifts, $15 on decorations, $4 on invitations, and $22 on guest gift bags. He divides the expenses equally three times with his two parents. How many dollars did each one pay?	32
The chef bought 4 bags of onions. Each bag weighs 50 pounds. A pound of onions is $1.50. How much money did the cook spend?	300
On Monday, Sue ate 4 times more biscuits than her sister. On Tuesday, she ate twice as many cookies as her sister. His sister ate 5 biscuits on Monday and 13 the next day. If 1 cookie has 200 calories, how many more calories did Sue eat than her sister?	5,600
