Janet ducks lay 16 eggs every day. She eats three eggs for breakfast every morning and bakes muffins for her friends with four every day. She sells the rest at the farmer's market daily for $2 per fresh duck egg. How many dollars does she earn every day at the farmer's market?	18
A robe takes 2 bolts of blue fiber and half of that is white fiber. How many bolts did it take in total?	3
Josh decides to invest in a house. He bought a house for $80,000 and then spent $50,000 on repairs. This increased the value of the house by 150%. How much profit did he get?	70000
Jamp decides to run 3 sprints 3 times a week. He ran 60 meters in each sprint. How many meters did he run in a week?	540
Every day, Windy feeds each of her chickens three cups of mixed chicken feed that contains nuts, mealworms and vegetables to help them stay healthy. She gives this feed to the chickens three times a day. In the morning, she gives 15 cups of feed to her flock of chickens. In the afternoon she gives her chickens another 25 cups of feed. If Windy has 20 chickens in her flock, how many cups of feed should she give her chickens at the last feed of the day?	20
Kyler went to the store to buy glasses for his new apartment. A glass costs $5, but every second glass costs only 60% of the price. Kyler wants to buy 16 glasses. How much will he have to pay for them?	64
Toulouse has twice as many sheep as Charleston. Charleston has 4 times as many sheep as Seattle. If Seattle has 20 sheep, how many total sheep do Toulouse, Charleston, and Seattle have?	260
Carla is downloading a 200GB file. Normally she could download 2 GB per minute, but when the download reached 40%, Windows force restarted to install the updates, which took 20 minutes. Then Carla had to restart the download from the beginning. How long does it take to download a file?	160
John drove for 3 hours at 60 miles per hour, and turned back when he realized he had forgotten something important at home. He tries to reach home in 4 hours. But he spent the first 2 hours in the traffic standing still. He then travels at a speed of 30 miles per hour for half an hour, and in the remaining 4 hours he travels at a speed of 80 miles per hour. How far will he be from home after those 4 hours?	45
Eliza earns a rate of $10 per hour for the first 40 hours she works each week. She also receives overtime pay at 1.2 times the regular hourly rate. If Eliza works 45 hours this week, how much will she earn this week?	460
A new program has 60 downloads in its first month. The number of downloads in the second month was three times the number of downloads in the first month, but then decreased by 30% in the third month. How many total downloads did that program have in three months?	366
Toula went to a bakery and bought a variety of pastries. She bought 3 dozen donuts at a cost of $68 a dozen, 2 dozen mini cupcakes at a cost of $80 a dozen, and 6 dozen mini cheesecakes at a cost of $55 a dozen. What is the total cost?	694
Carlos is planting a lemon tree. Planting a tree costs $90. Every year it produces 7 lemons, which he sells for $1.50 each. It costs $3 a year to water and fertilize a tree. How many years will it take for him to start earning on the lemon tree?	13
Melina is a door-to-door saleswoman. She sold a third of her vacuum cleaners at the Green House, 2 more at the Red House, and the remaining half at the Orange House. If Melina has 5 vacuum cleaners left, how many did she start with?	18
In a dance class of 20 students, 20% are enrolled in traditional dance, the remaining 25% are enrolled in jazz dance, and the rest are enrolled in hip-hop dance. What is the percentage of total students enrolled in hip-hop dance?	60
A businessman wants to make a purchase choice between 2 purchase plans: $5,000 worth of jewelry or $8,000 worth of electronic gadgets. His financial adviser predicts that the jewelery market will grow by 2.5% and the electronic gadgets market by 1.2% in the same month. If the trader is looking to make the maximum profit at the end of this month by making the right choice, how much profit will this be?	125
Both trains leave San Rafael at the same time. They began traveling west, both traveling at 80 mph. The next day, they traveled north, covering 150 miles. What is the distance traveled by each train in two days?	230
Jill earns $20 per hour for teaching and $30 for being a cheerleading coach. If she works 50 weeks a year, 35 hours a week as a teacher and 15 hours a week as a coach, what is her annual salary?	57500
Clary makes a 3-egg omelet for breakfast every morning. How many dozen eggs will she eat in 4 weeks?	7
Marissa is hiking a trail that is 12 miles long. It took her 1 hour to walk the first 4 miles, then another hour to walk the next two miles. If she wants her average speed to be 4 miles per hour, how fast (in miles per hour) must she walk the rest of the distance?	6
I have 10 liters of orange drink, which is two-thirds water, and I want to mix it with 15 liters of pineapple drink, which is five-thirds water. But when I poured it, a liter of orange drink went down. How much water is there in the remaining 24 liters?	15
Raymond and Samantha are cousins. Raymond was born 6 years before Samantha. Raymond has a 23-year-old son. If Samantha is 31 now, how many years ago was Raymond's son born?	14
Billy sells DVDs. He has 8 clients on Tuesday. His first 3 customers bought one DVD each. After him 2 customers bought 2 DVDs each. His last 3 customers have not bought any DVDs. How many DVDs did Billy sell on Tuesday?	7
A candle melts 2 centimeters every hour it burns. If a candle is lit from 1:00 PM to 5:00 PM then how many centimeters will it get shorter?	8
Kylie bought last year's best-selling book for $19.50. This is at a 25% discount compared to the actual price. What was the original price of the book?	26
Mary orders a chicken meal that costs $12, 5 packs of milk that cost $3 each, 4 apples that cost $1.50 each, and a few boxes of pizza. Mary paid a total of $50. How many pizza boxes does Mary order if each box costs $8.50?	2
Mishka bought 3 pairs of shorts, 3 pairs of pants, and 3 pairs of shoes. A pair of shorts costs $16.50. A pair of pants costs $22.50 and a pair of shoes costs $42. How much did Mishka spend on all the clothes?	243
Cynthia eats one serving of ice cream every night. At $4.00 per carton, she buys cartons with 15 servings of ice cream in each carton. After 60 days, how much will she spend on ice cream?	16
Henry stops twice on his 60 mile bike trip. He first stopped after 20 miles. He stopped for the second time 15 minutes before the end of the trip. How many miles did he travel between his first and second stop?	25
While Gloria was shoe shopping, she found a pair of boots that fit her shoe budget. However, she had to choose between boots and two pairs of high heels that cost five dollars less than boots. If one pair of heels costs $33 dollars and another pair costs twice as much, how many dollars do the boots cost?	104
The ratio of the ages of Durrell and Allen is 7:11. Now their total age is 162. Calculate Allen's age 10 years from now.	109
Gunter is trying to count the jelly beans in a jar. He asked his friends how many they thought were in the jar. One said 80. Another said 20 is more than half of what the first person said. The third person said 25% more than the first person. What is their average estimate?	80
John takes care of 10 dogs. Each dog takes .5 hours a day to walk and take care of their chores. How many hours a week does he spend taking care of the dogs?	35
Gretchen has 110 coins. Gold coins are 30 more than silver coins. How many gold coins does Gretchen have?	70
Siobhan has 2 less jewels than Aaron. Aaron has 5 jewels more than half of Raymond's jewels. If Raymond has 40 jewels, how many jewels does Siobhan have?	23
Mike plays ping pong for 40 minutes. In the first 20 minutes, he scored 4 points. In the second 20 minutes, he scored 25% more points. How many times did he score in total?	9
Terry eats 2 yogurts every day. They currently have 4 yogurts on sale for $5.00. How much will he spend on yogurt in 30 days?	75
John plans to sell his toys and use the money to buy video games. He has 13 Lego sets and he sells them for $15 each. He bought 8 video games at $20 each and had $5 left over. How many other Lego sets does he have?	2
John runs 60 miles a week. He runs 3 days a week. He runs for 3 hours on the first day and half that on the other two days. How fast does he run?	10
Dana can run at four times the speed she can walk, but skip at half the speed she can run. If she can skip at the rate of 3 miles per hour, how many miles can she travel in six hours if she spends one-third of the time running and two-thirds walking?	18
Brendan's iPhone is four times older than Ben's iPhone. Ben's iPhone is twice as old as Suzy's iPhone. If Suzy's iPhone is 1 year old, how old is Brendan's iPhone?	8
The Great Dragon, Perg, sits on the highest point of Mount Farbo and breathes fire at anything within 1000 feet. The only weapon known to sledge a dragon 400 feet, Polly can throw a golden javelin that can reach the dragon's flames very close, but when Polly is holding a sapphire gem, she can throw the javelin three times as far as if she is not holding a sapphire gem. If the gem is caught, how far from the dragon's flames can Polly stand and throw the golden javelin so that it hits the dragon?	200
Grandma Jones baked 5 apple pies for the firemen's lunch. She cut each pie into 8 slices and set five pies on the buffet table for the guests to serve themselves. At the end of the evening, after the guests took their noses at the pie and ate it, 14 pieces of pie remained. How many pieces of pie did the guests eat?	26
According to its nutrition information, a bag of chips contains 250 calories per serving. If a 300 gram bag contains 5 servings, if your daily calorie target is 2000 and you already consume 1800 calories, how many grams can you eat?	48
Charlie wants to sell candles made from beeswax. With every pound of beeswax, he can make 10 thin candles. It costs $10.00 to supply one pound of beeswax and wick, and if he sells each candle for $2.00, if he makes and sells 20 candles, what is his net profit?	20
Meredith is a freelance blogger whose full-time job is writing about medical topics and submitting them to clients. Researching and writing a blog article takes about 4 hours. Last week, she wrote 5 articles on Monday, and 2/5 times as many articles on Tuesday as on Monday. On Wednesday, she wrote twice as many articles as on Tuesday. Calculate the total number of hours she spent writing the articles in three days.	104
Candice puts 80 Post-it notes in her purse before leaving for her job at a coffee shop. On the way, she stopped at a store and bought a package of Post-it notes; She placed a Post-it note on each of 220 different coffee cups. If she has a total of 23 post-it notes left, how many post-it notes are in the package she bought?	163
John bought twice as many red ties as blue ties. Red ties cost 50% more than blue ties. He spent $200 on blue ties that cost $40 each. How much did he spend on the tiles?	800
Tracy used a 4 foot length of wire to support the tomato plants in the garden. The wire is cut into pieces 6 inches long. How many pieces did she get?	8
Richard lives in a 15-room apartment. There are 8 units on each floor, 3/4 of the building is occupied by Kapuram. What is the total number of units in the building without camphor?	30
Lloyd has a chicken farm. His chickens lay 252 eggs each day, which he sells for $2 per dozen. How much does Lloyd earn on eggs each week?	294
Tom's ship can travel at a speed of 10 miles per hour. He travels from 1 pm to 4 pm. He then travels back at a speed of 6 miles per hour. How long will it take for him to return?	5
Uriya's book bag is getting heavy. He needs to shed 15 pounds from it. His comic books weigh 1/4 pound each and his toys weigh 1/2 pound each. If he gets rid of 30 comic books, how many toys will he have to get rid of?	15
A mechanic charges different rates for repairing truck and car tires. For each truck tire repaired, the mechanic charges $60 dollars, for each car tire repaired, the mechanic charges $40 dollars. On Thursday, the mechanic repaired 6 truck tires and 4 car tires. On Friday, the mechanic repaired 12 car tires and none of the truck tires. How much income did the mechanic earn on the high income day?	40
The Doubtfire sisters were driving home with 7 kittens they had adopted from a local animal shelter when their mother called and informed them that two of their cats had just given birth. The first cat, Patchy, has triple the number of adopted kittens, and the second cat, Trixie, has 12, she said. How many cats are in the Doubtfire family now?	40
Jean has 30 lollipops. Jean ate 2 lollipops. With the remaining lollipops, Jean intends to pack 2 lollipops in a bag. How many bags can Jean fill?	14
Peter is planning to go to the movies this week. He always gets a ticket for $7 and popcorn for $7. If he has $42 a week, how many times can he go to the movies?	3
A wooden bridge can carry a weight not exceeding 5000 pounds. A delivery truck, filled with identical boxes weighing 15 pounds each, crosses a bridge. If the combined weight of the driver and empty truck is 3755 lbs, how many boxes can be loaded on the truck without exceeding the bridge weight limit?	83
Stephen Pachari ordered the merchandise online. He received a final bill of $40.00. Since it was through a delivery vendor, they added a 25% fee to his final total, charging $3.00 as a delivery fee. Stephen also added a $4.00 tip. After additional fees, what is Stephen Pachari's final freight bill?	57
A raspberry bush has 6 bunches of 20 fruits each and 67 fruits scattered throughout the bush. How many raspberries are there in all?	187
A basket contains 25 oranges of which 1 is spoiled, 20% are unripe, 2 are sour and the rest are good. How many oranges are good?	17
Zenith bought a brooch for her daughter. She paid $500 for the materials to make it and another $800 to a jeweler to build it, after which she paid 10% of that to insure it. How much did she pay?	1430
If Mercy works for the same company for 40 years, she will receive an annual pension of $50,000/year. Starting after 20 years, eligible to get 5% of pension value every year. If she leaves the job after 30 years, what will be her annual pension?	25000
Alina subscribes to a streaming service that charges $140 a month. If the streaming company charges her the basic amount for the first half of the year and charges her 10% less for the next half of the year, calculate the amount she paid for the streaming service at the end of the year.	1596
Sophia is thinking about going on a road trip in her car, and she wants to know how far she can go on a single tank of gas. She had traveled 100 miles since she last filled the tank, and she had to put in 4 gallons of gas to fill it up again. Her car's owner's manual states that her tank holds 12 gallons of gas. How many miles can Sophia travel on a single tank of gas?	300
Jim spends 2 hours watching TV, then decides to go to bed and reads for half an hour. He does this 3 times a week. How much time does he spend on TV and reading in 4 weeks?	36
Four schools compete in a basketball tournament. Each school sent one girls' basketball team and one boys' basketball team, each team consisting of 5 players. Each school also sent a coach for each team. In total, how many people did all the schools send?	48
A treasure hunter discovers a buried treasure chest full of gems. There are 175 diamonds, 35 fewer rubies than diamonds, and twice as many emeralds as rubies. How many gems are in the box?	595
Dr. There are twice as many boys as girls in Wertz's school. If there are 60 girls and 5 students per teacher, how many teachers are there?	36
Bailey started with a certain amount of money. She then received a weekly allowance of $5 for 8 weeks. At the end of 8 weeks, she has a total of $100. How much did Bailey start with?	60
Judy teaches 5 dance classes daily on weekdays and 8 classes on Saturdays. Each class has 15 students and charges $15.00 per student, how much will she earn in 1 week?	7425
Kelian has two recipes for making food items, one with 20 instructions and the second with twice as many instructions as the first. How many total instructions should Kelly read to make both recipes?	60
Tommy is raising funds for his charity by selling brownies for $3 a slice and cheesecakes for $4 a slice. If Tommy sells 43 brownies and 23 slices of cheesecake, how much money will Tommy collect?	221
Sheila purchased five cell phones at $150 each for 3 month installments. 2% interest is charged for each unit. How much should Sheela pay every month for 3 months?	255
Artie has a flower stand at the farmer's market. He sells three types of flowers: marigolds, petunias and begonias. He typically sells marigolds for $2.74 per pot, petunias for $1.87 per pot and begonias for $2.12 per pot. Today, Artie doesn't have any retail, so he decides to round his prices to the nearest dollar. If Artie sells 12 pots of marigolds, 9 pots of petunias and 17 pots of begonias, how much will he earn?	88
Luke spends time on the beach building sandcastles. He noticed that each level of the sandcastle had half the square footage of the level below it. If 4 levels of sand castles are built with a square footage of 16 on the top level, what is the average square footage of the level?	60
Cecilia has now bought a new puppy. According to her vet, she should feed the puppy 1 cup of dog food for the first 180, then 2 cups of dog food daily for the rest of her puppy's life. If a bag contains 110 cups of dog food, how many bags of dog food will Cecilia use in the first year?	5
If Raymond does half as much laundry as Sarah, Sarah does 4 times as much laundry as David, and if Sarah does 400 pounds of laundry, calculate the difference in the amount that Raymond and David do.	100
Vincent can buy a package of 3 flowers for $2.50 or a package of 2 for $1. How much will he save by buying 18 flowers at a better price?	6
John adopted a dog. He took it to a groomer, it cost $100, and the groomer offered a 30% discount for being a new customer. How much does grooming cost?	70
Two girls got 1/6 of 24 liters of water each. Later a boy got 6 liters of water. How many liters of water are left?	10
Charlie has 10 stickers. He bought 21 stickers from a store in the mall for his birthday and got 23 stickers for his birthday. Later Charlie gave 9 of his stickers to his sister and used 28 to decorate a greeting card. How many stickers does Charlie have left?	17
Grace weighs 125 pounds. Alex's weight is 2 pounds less than 4 times Grace's weight. What is the sum of their combined weights?	623
Dan planted 3 rose bushes. Each rose bush has 25 roses. Each rose has 8 thorns. How many thorns are there in all?	600
A football team plays 22 games. They won 8 more than they lost. How many matches did they win?	15
Jeanie is making a quilt using old souvenir t-shirts. He has a shirt for every outing. Each shirt has a unique block on the quilt. Each row is also made up of blocks of trips taken in different years. He goes on vacation four times a year, he has been going on vacation since he was 23, he is now 34. How many quilt blocks does he have in all?	44
Greg has an alarm that goes off three times a day as a reminder, and once the alarm starts going off, it continues to ring until Greg stops it. Today when it rang for the first time, it rang four times. The second time it rang, it rang three times louder than the first time. The third time it rang for the second time. How many times did the alarm go off in total?	22
A company pays its employees $600 per month. The company has a policy of increasing the wages of employees with five years of service by increasing their basic pay by 10% every year. If Sylvie has worked for the company for 5 years as of last December, what will be her annual salary after another three years of service?	9360
Merlin's first record sold 10 times as many copies as Herald. If they together sell 88,000 copies, how many copies did Harold sell?	8000
Christina is planning a birthday party and needs .75 gift bags for each guest invited because 1/4 of the invitees will not attend. She invited 16 friends. Gift bags are $2 each. How much does she spend?	24
Ted the T-Rex dinosaur plans to bring potato salad for the picnic. A large dinosaur is known to eat 10 pounds of potato salad and a baby dinosaur eats half of it. If 20 large and 5 baby dinosaurs are at the picnic, how many pounds of potato salad does Ted need to bring to the picnic to provide enough for everyone?	225
John has three times as many pets as Mercia. Mercia has two more pets than Cindy. If Cindy has four pets, how many pets do the three have altogether?	28
Emmy has 4 children, Amy, Jackson, Korne and James. Amy is 5 years older than Jackson and 2 years younger than Korne. If James is 10 years old and 1 year younger than Korne, how old is Jackson?	4
Lee could run the 400-meter hurdles two seconds faster than Grenold ran the 400-meter hurdles. But Grenold changed his diet, which improved his speed by 10%. If Lee ran the 400-meter hurdles in 38 seconds, how many seconds faster could Grenold run the 400-meter hurdles with his improved diet?	36
In one neighborhood, the number of pet rabbits is twelve fewer than the total number of pet dogs and children. If there are two cats for every dog, and the number of dogs is 60, how many total pets are there in the neighborhood?	348
Of the 200 Grade 5 students in Girl Scouts, 2/5 are boys and 2/3 are girls. How many girls are not in Girl Scouts?	40
Harry slept 9 hours last night. His friend James slept only 2/3 of what Harry slept. How many more hours did Harry sleep than James?	3
When Freda cooked the canned tomatoes in the sauce, they shrunk in half. Each 16-ounce can of tomatoes she used contained three tomatoes. Freda made the last batch of tomato sauce using 32 ounces of sauce. How many tomatoes did Preda use?	12
Cars are lined up on the motorway. A few cars left in the first 15 minutes of the tropic jam, then another 20 cars left in the remaining 15 minutes of the jam. 5 cars leave the line so that there are no vehicles to go through the jam. If there are actually 30 cars on the road, how many vehicles left the traffic jam in the first 15 minutes?	5
Mary was a very interesting fellow. She received 18 new potted plants from her favorite plant nursery. She has already placed 2 potted plants in each of the 40 window sills of her large country house. Showing generosity, she decided to give 1 potted plant from each ledge to friends and family tomorrow. How many potted plants does Mary have?	58
Jerome had 4 friends who came to visit him on a certain day. The first friend Jerome rang the doorbell 20 times before opening the door, the second friend Jerome rang the doorbell 1/4 times as often as the first friend. The third friend rang the doorbell 10 times more than the fourth friend, if the fourth friend rang the doorbell 60 times, how many times did the doorbell ring in total?	175
Solow had to read 4 pages from his science textbook, 20 pages from his social science textbook, 7 pages from his history textbook, and 8 pages from his geography textbook. Solo read 15 pages on Monday. If he has 4 more days to complete the entire reading, how many days will he read on average per day?	6
John likes to drink a glass of water with breakfast, lunch and dinner. Finally, he drinks a glass before going to bed. John does this on weekdays, but on weekends he likes to relax, drinking soda instead of water at dinner. How many glasses of water does John drink during the week?	26
A thick fog is traveling from the sea to descend on the city. It takes 10 minutes to cover every 3 miles of the city. If the city is 42 meters from the sea edge to the opposite inland edge, how many minutes will it take for the fog to cover the entire city?	140
Poppy is solving a 1000-piece jigsaw puzzle. She placed half of the pieces on the board, then her mother placed a third of the remaining pieces. How many jigsaw pieces are left to fit?	500
Caddy eats three times as many cookies as Amir eats. If Amir eats 5 cookies, how many cookies do they eat together?	20
John has 3 boxes. Each box is 5 inches X 6 inches X 4 inches. Its walls are 1 inch thick. What is the total internal volume of the 3 boxes?	72
Frankie watches TV every night after finishing his homework. On Mondays and Tuesdays, he watched a 1-hour episode of his show Paverate every night. On Wednesday, he watched a few episodes of the 30-minute show. On Thursday, he finished homework early, watched a 1-hour episode and a 30-minute show, and on Friday, he stayed up late for the weekend. So he watched two 1-hour episodes. If he watched TV for a total of 7 hours, how many 30-minute episodes did he watch on Wednesday?	3
Henry is making cookies for local baking competitions. He wants to make double the number he made last year. After he finished baking, he realized that he had actually baked 15 more cookies than he intended to. He dropped 5 cookies while taking them out to cool, and now he has 110 cookies. How many cookies did Henry make last year?	50
A local gas station sells gas for $3.00 a gallon. An app company offers $.20 cashback per gallon if you fill up at this station. If someone buys 10 gallons of gas, how much will their gas cost after cashback rewards?	28
Marcel and Beatrice compete to see who can eat the most fruit roll-ups, so they unroll as many as possible. Unfortunately, someone made a mistake and the Brits have two roll ups across and 24 roll ups long, while Marcel has 3 roll ups wide and 14 roll ups long. If they ate their entire length, how many did they eat on average?	45
While Julia was on the lake her boat developed a leak. For every 10 feet the boat goes ashore, two liters of water is entering. It took her sixteen seconds to drive the boat twenty feet. The shore is 64 seconds away. How much water is in the boat when Julia reaches the shore?	16
A classroom whiteboard is shared between 4 teachers who take turns using the classroom. Each teacher has 2 lessons daily and whiteboard is used in each lesson. If the whiteboard is cleaned 3 times for each lesson, how many times will the whiteboard be cleaned in a day?	24
Ryan planted 2 flowers in his garden one day. If 5 flowers do not grow after 15 days, how many flowers will he have?	25
Jamal's phone can hold 6 times more photos than Britney's phone. Britney's phone can hold up to 50 times the number of birds in Jamal's photograph of ducks at the zoo. If Jamal can hold 1800 photos on his phone, how many ducks can be seen in Jamal's duck photograph at Zoom?	6
After she bought some wood, Sasha noticed that wood prices had increased by 50% in the past few months. As she had some left over, she decided to sell them. She has 2X4X10 boards worth $10 each. She also has five 4X4X10 boards that she bought for $16 each. If she sells them all, how much profit will she make?	90
Kate makes coffee using 7:13 ratios of teaspoons of sugar and cups of water. If she uses 120 teaspoons of sugar and cups of water, calculate the number of teaspoons of sugar she used.	42
John bought 2 pairs of shoes each for his 3 children. They cost $60 each. How much did he pay?	360
At the Seaside Clearance Main Port a customs officer counted 2 containers of imported vehicles, each containing 5 vehicles. On the next day, more containers are brought in, the total number of vehicles at the port reaches 30. Assuming all the containers have 5 vehicles, calculate the number of containers imported on the second day.	4
Adrian's total salary is 30 percent higher than Layla's. Four years later, his salary has increased, and he is earning 40% more than what he was earning four years ago. If Adrian's and Layla's wages rise simultaneously, and Adrian earned $40000 four years ago, calculate the total wages both will receive four years later?	95200
Miguel uses 2 pads of paper every week for his drawing. If a paper pad contains 30 sheets of paper, how many sheets of paper does he use every month?	240
Morissette and Kyle are asked to bring the fruit. Morissette brought 5 apples and 8 oranges. Kyle brought twice as many apples as Morissette and half the number of oranges. How many fruits do they have altogether?	27
Sadie slept for 8 hours on Monday. For the next two days, she slept less than 2 hours each day as she had to complete some assignments. And if she sleeps 1 hour more than those two days for the rest of the week, how many hours did she sleep in the whole week?	48
Rosie can run at 10 miles per hour for 3 hours. After that, she can run at 5 miles per hour. How many miles can she run in 7 hours?	50
Jenny is helping their mother in the office. She has a stack of 60 letters that need to be stamped, a stack of letters already stamped. Stamps were affixed to one-third of the letters to be stamped. If the already stamped pile now contains 30 letters, how many were in the pile when Jenny started?	10
Julia is preparing a dinner party at her home where she is to serve soup. She noticed that she was out of plastic spoons, so she bought a package of new spoons. Later, her husband also bought a package of 5 new spoons and gave them to Julia. When Julia made soup, she used three spoons to taste her soup. Later, when she went to set it on the table, there were a total of 12 spoons. How many spoons are in the package that Julia bought?	10
Dylan needs chicken sausages and fish sausages to make sausage buns at the party. He bought 38 chicken sausages and 6 more fish sausages than chicken sausages. How many sausages did Dylan buy in all?	82
After transferring to a new school, Amy makes 20 more friends than Lily. If Lily has 50 friends, how many friends do both Amy and Lily have?	120
Wells' mother sells watermelons, peppers, and oranges at a local store. The cost of watermelon is three times the cost of each pepper. The cost of orange is 5 less than the cost of watermelon. Dillon is sent to the store to buy 4 watermelons, 20 peppers, and 10 oranges. If each pepper costs 15$, what is the total money he spent?	880
A hospital sees 500 people every day. Each patient is seen for an average of 24 minutes. Doctors charge the hospital $150 an hour and the hospital charges patients $200 an hour. How much profit does the hospital make from these visits?	10000
Nyssa hires 60 seasonal workers to act as ghosts in her department store's Santa Village. One-third of the demons left after the children vomited on them, and 10 of the remaining demons left after the children stomped on their toes. How many demons are left?	30
Joseph's expenses for the month of May are $500. In June, he spent $60 less. What is his total expenditure in those two months?	940
Pam and the Feds go to a carnival. Pam rode the roller coaster 2 times and Fred 4 times. After that, they both decided to ride the lug 2 times. If each ride costs 6 tickets, how many tickets did they use that day?	60
On Monday, Walt walked 4 miles. On Tuesday, he walked 6 times more than he walked on Monday. The total mileage he walked from Monday to Wednesday was 41 miles. How many miles did he walk on Wednesday?	13
Tom washes the car 4 times a month. If each car wash is $15, how much will he pay in a year?	720
Brain's friend Bobby has 5 less than 3 times as many video games as Brain. If Brain has 20 video games and loses 5 before comparison, how many does Bobby have?	40
There are 27 unicorns in the world. A third of them are in the Scottish Highlands. Two-thirds of Scottish unicorns are female. How many female Scottish unicorns are there?	6
Rory orders 2 subs for $7.50 each, 2 bags of chips for $1.50 each, and 2 cookies for $1.00 each to be delivered. A delivery fee of 20% was added at checkout and she wanted to add $5.00 as a tip. What is the cost of her delivery order?	29
Mark wrote a test yesterday with 75 questions. He completed the exam at the rate of 5 questions per hour. Today, he took another test with 100 questions at the same speed. If Mark had 8 hours to complete the first test and 6 hours to complete the second, how many questions did he leave uncompleted?	105
In the candy machine, there are 22 more than four times the number of pink gumballs compared to blue gumballs. If there are 12 blue gumballs, how many are pink?	70
Out of 20 cars available for rent, 12 are automatic cars, 4 are manual cars and rest are semi-automatic cars. What percentage of cars are semi-automatic cars?	20
There are 700 bees in a beehive. There were twice as many worker bees as brood bees. There are twice as many baby bees as queen bees. How many worker bees are there?	400
Jordan plays video games for 2 hours every day. He also has a part-time job where he earns $10 an hour. How much would Jordan earn in a week if he worked instead of the time he spends playing video games?	140
John buys milk for $2, eggs for $3, light bulbs for $3, cups for $3, and roach traps for $4. If 10% tax is imposed on all non-food items, how much will it all cost?	16
Kim started her own housekeeping business, calculating how much profit she could make from her clients. He already has 3 clients, but is talking to 5 more potential clients and believes he can add them to his calculations. Each client's home requires 2 bottles of bleach and a pack of cleaning cloths. Each bottle of bleach costs $2 and each pack of clothes costs $5. These are only his expenses. He calculated that his total income per week would be $92. Profit is the difference between total revenue and total expenses, but how many dollars does Kim make in total profit each week?	20
John has 10 hectares of pineapple plantation. There are 100 pineapples per hectare. John can harvest his pineapples every 3 months. How many pineapples does John harvest in a year?	4000
Johnny is picking up the toys on the floor in his room. He dumped a Lego box set with 500 pieces, another with 3 times as many pieces as 500 pieces, and another with 1/4 the pieces on the floor. If he picks up all the Legos, how many blocks does Johnny have to pick up from the floor?	2,125
Debra examines a honeycomb to see how many bees come and go in one day. She saw 30 bees leave the hive in the first 6 hours, and 1/2 the bees returned in the next 6 hours. In the next 6 hours, Anne saw how many bees left the hive the first time, and twice. Every bee that had previously left and not returned returned within 6 hours. How many bees did Debra see returning in the last 6 hours of the day?	75
Britney and her mother went to the museum. Admission is $12 for adults and $10 for children. Britney's mom paid the cashier for 1 child ticket and 1 adult ticket. If she gets $8 retail, how much, in dollars, did she give the cashier?	30
Charlie has three times as many Facebook friends as Dorothy. James has four times as many Facebook friends as Dorothy. If Charlie has 12 friends on Facebook, how many Facebook friends does James have?	16
Steam and Tim decide to see who can get home from school the fastest. Steve lives further away than Tim, so he is allowed to ride his bike. Steve lives 3 miles from school and can ride a bike at 440 feet per minute. Tim lives 2 kilometers from the school. If Tim can ride his skateboard at 264 feet per minute, how long will the winner wait at their house before the loser finishes his race?	4
Shanda decided that the kids in her neighborhood could really use a bike inflation service. She decided that the best way would be to charge that much for the tire. It costs 25 cents to inflate each tire. On the first day, 5 people came on bicycles to inflate two tyres. 3 people came to fill all their tricycle tires with air. Finally, a man actually arrived on a unicycle. How many dollars did she earn that day?	5
Carl bought ten packs of cookies. Each cookie pack contains six cookies. Each cookie costs $0.10. How much retail will Carl get if he pays with a $10 bill?	4
Dave buys a large pack of french fries and eats fourteen before a hungry seagull steals the pack from his hand. The seagull got half of the french fries that the dove had eaten while lying on the ground. Then three pigeons threatened it away from the food, each pigeon ate three fries, and a raccoon stole two-thirds of the remaining fries. The last french fries were grabbed by the ants, and finally there were five left. How many french fries were in the pack when Dave bought it?	48
On Mondays, Wednesdays, and Fridays, college student Kimo has three 1-hour classes each day. On Tuesdays and Thursdays, he has two 2-hour classes every day. In a semester, there are 16 weeks in school. In a semester, how many hours does Kimo spend attending classes?	272
Bill baked 300 rolls, 120 chocolate croissants and 60 baguettes. Each roll is 4 inches long, each croissant is 6 inches long and each baguette is two feet long. If all of Bill's baked goods are placed side by side, how far apart in feet are they?	280
The zookeeper feeds all the monkeys in the zoo. He orders all the bananas from a local orchard every 2 months. If monkeys require 200 bananas, gorillas 400 bananas, and bamboos 100 bananas per month, how many bananas should he order to last 2 months?	1400
Blake and Kelly compete to see who can run the furthest in 15 minutes. They decided to do it on a football field 100 yards long. Blake ran back and forth 15 times. Kelly ran back and forth once, then began running back and forth down the 40 yard line. She did this 34 times. How far did the winner run than the loser?	80
Rafael went to buy some school supplies, he bought 4 pens that cost $1.5 each, 2 notebooks that cost $4 each, and a ream of bond paper that cost $20. How much did Raphael spend on everything?	34
Finn saw 11 frogs swimming in the pond. Suddenly he noticed 6 hiding under the lily pad come out and then 2 of them hiding under a rock. Can the pin now see the frogs in the pond?	15
The water tank was 17 feet deep on Monday. On Tuesday, there was another 7 feet of water in the tank. On Wednesday, the water depth was two-thirds of what it was on Tuesday. What is the depth of water in the tank on Wednesday?	16
Anakin and Locsin went to the beach today. Anakin catches 10 starfish, 6 seahorses, and 3 clownfish. At the same time Locsin caught 5 less starfish than Anakin, 3 less seahorses than Anakin, and 2 more clonefish than Anakin. How many fish did they catch?	32
If a bag of marbles costs $20 and every two months the price increases by 20% of the original price, how much will a bag of marbles cost after 36 months?	92
In a room, there are different types of toys: 5 red cars, 3 action toys, and a doll. The toy costs the same as 3 action figures and a red car costs $4. If the action toy costs $5, what is the cost of all the toys?	50
Jackie is trying to decide whether to file her taxes herself or hire an accountant. If she filed her taxes herself, she could do 3 hours less of her freelance work, losing $35 an hour in income. The accountant charges $90. If she hires an accountant, how much more money will she have?	15
On her 30th birthday, Elvira chose a new computer with many accessories as a gift. She had a budget of €1500 donated by the whole family, she thought she could save a little money to buy a dress. She went to a computer store and picked out a machine with a screen, keyboard and mouse that cost €1090. She also took a scanner worth €157, a CD burner worth €74 and a printer worth €102. How much money does she have to buy the dress?	77
Sandra is given a basket of 9 eggs by her neighbors whenever she babysits their daughter. To make Spanish flan, she needs 3 eggs. If Sandra is tasked with making 15 Spanish flans for her school fundraiser, how many times will Sandra have to babysit?	5
Seth is twice Brooke's age. In 2 years, the sum of their ages will be 28. How old is Seth?	16
Jimmy had another $2 more than double what Ithal had. If Ithal has $8, how much money does Jimmy have?	18
Pancho walks 20 miles a day. On weekends, he walks 10 miles. How many miles does he walk in a week?	120
The marching band is ordering new uniforms. Each uniform comes with a hat that costs $25, a jacket costs three times as much as a hat, pants cost about the same as a hat and jacket average. What is the total cost of each uniform?	150
Jake is walking through the Museum of Entomology, he sees 80 spiders with 8 legs each, 90 insects with 6 legs each, and 3 rare mutant invertebrates with 10 legs each. How many legs did Jake see in all?	1210
There are a total of four birds in a ship's kitchen. Sally Too is three years older than Grammy Red. Granny Red is twice as old as Sally Four. If Sally Four and Sally Thirty Two are the same age, if Sally Thirty Two is 8 years old, what is the total age of the four birds?	51
Jessica is trying to figure out how much to pay off her debt each month. She pays at least $300 a month on her student loan, at least $200 a month on her credit card, and at least $500 a month on her mortgage If Jessica wants to pay 50% more than the minimum amount, how much will she pay in one year?	18000
Billy is peeling and slicing potatoes to make potato salad for his big family reunion barbecue. It was a big event, so he had to make 60 potatoes. The potatoes are roughly the same size, so peeling and slicing each one takes roughly the same amount of time. It takes Billy a minute and a half to peel a potato, but 5 seconds to slice it. How long does it take Billy to finish preparing the potatoes?	95
Juan and his brother Carlos sell lemonade. Each gallon produced costs $3 for lemons and $2 for sugar. They sell each glass for $0.50, making 20 glasses per gallon. If they made a profit of $25, how much did they spend on lemons?	15
Out of a race of 240 Asians, 80 are Japanese and the rest are Chinese. If the number of boys in the Chinese team is 60, how many girls are there in the Chinese team?	100
Zed spends 1/4 of his salary on rent, 1/3 on car fuel and donates the remaining half to his favorite charity. He gives his wife $200 for her daughter's weekly expenses and $700 for clothes and other household items. If Jed earns $6000 per month, how much money will he have left after all these expenses and contributions?	350
Rani has ten more crabs than Monique, Monique has 4 crabs less than Bo. If Bo has 40 crabs, count the total number of crabs that three have.	122
Lloyd earns $10 an hour tutoring math. He said the tuition is 5 hours in the first week and 8 hours in the second week. How much will he earn for the first two weeks?	130
Two candidates are competing for class representative in Sarai School. The winner got 3/4 of the votes, the total number of students who voted in the class is 80, calculate the number of votes the losing candidate got.	20
Sandra, a neighboring florist, is unhappy with Fred's incomplete order delivery. Sandra orders four times as many red roses as white carnations. She also ordered 200 pink calla lilies, five times the number of white carnations. Sandra threatens to change supplier if the missing red roses are not delivered by 5pm. How many red roses must Fred deliver by 5 pm to retain Sanda's business?	160
Jean is two years older than Mark. Mark's age two years ago is 5 years more than half John's age. How old is Jean if John is 30 years old?	23
Two track teams compete against each other in a 4 by 400 meter relay; Each racing team consists of four members, who each run 400 meters, or one lap, along a standard track. One of the two teams is very experienced and its member runs 400 meters in exactly 55 seconds. The second team is less experienced; Their first runner runs his 400 meters in 60 seconds, then each runner runs 3 seconds faster than the runner before him. Using this information, by how many seconds will the faster team win?	2
Jerry rolls a six-sided die. What is the probability (expressed as a percentage) of rolling a number greater than 3 than rolling two consecutive even numbers?	25
Jenna and her mother picked some apples from their apple orchard. Jenna cut half of the apples her mother cut. If her mother has 20 apples, how many apples did both of them cut?	30
Russell works at a pet store and delivers grass to the rats that live there. Rats were housed in equal groups of 3 cages and each rat was given 6 pallets of grass. 10 cages containing hamsters were housed separately and each hamster was given 5 pallets of grass. There are also rabbit cages and 20 pallets of grass are provided for the rabbits. Grass panels are not used elsewhere in the store. If 160 straws are distributed among the small hamsters, how many rats are there in each cage?	5
Mandy owes Benedict $100. They agreed to 2% interest per month. If Mandy can pay after 3 months, how much should she owe Benedict?	106
A trader bought some sacks of wheat from a farmer at the rate of $20 per sack. If each bag costs $2 to ship from the farm to the warehouse, the merchant has a total profit of $400 after selling all the bags at $30 each, how many bags did he sell?	50
Three friends spend $20.25 on 3 tickets to a fair. They also spent $4.50 less on food than on their tickets. They also went on 2 different rides that cost $33 each. If they agree to split the cost equally, how much did each pay?	34
John collects peaches for 3 hours. He can collect 2 peaches per minute. How many peaches does he collect?	360
Ducks need to eat 3.5 pounds of worms per week to survive. If there is a flock of ten ducks, how many pounds of worms do they need each day?	5
Tom planted 10 plants in one year. Every year he cuts 2 trees. He started with 50 trees. After 10 years 30% of the trees died. How many trees does he have left?	91
Sue lives in a fun neighborhood, and one weekend, the neighbors decide to play a prank on Sue. On Friday morning, neighbors placed 18 pink plastic flamingos in Sue's front porch. On Saturday morning, the neighbors took back one-third of the flamingos, painted them white, and placed these newly painted white flamingos in Sue's back yard. Later on Sunday morning, they added 18 more pink plastic flamingos to the collection. By Sunday afternoon, how many more pink plastic flamingos than white plastic flamingos?	24
Violetta wants to buy new crayons. She needs them in 5 different colors, for which she has set aside $20. A crayon costs $2. How much retail does she get?	10
A pen costs about the same as a pencil and erasers. A pencil costs $1.20 and an eraser costs $0.30. How much will 8 pens cost?	12
200 pounds of carrots are to be delivered to 40 restaurants in a certain city. Each restaurant should receive 2 pounds of carrots. How many pounds of carrots are not used?	120
In Soda city, there are exactly 23786 inhabitants. Among them 8417 are male and 9092 are female. The rest of the population is also children. How many children are in Soda?	6277
Eileen originally had 20 Pokemon cards. A month later, she collected three times that number of cards. In the second month, she collected 20 fewer cards than in the first month. In the third month, she collected double the total number of Pokemon cards she collected in the first and second months. How many Pokemon cards does she have now?	320
Mark is a copy editor. He edits an equal number of sentences each week for two different publishers, who pay him a different rate per sentence. Publisher B pays double what Publisher A pays for the mark. Mark edits 1000 sentences per week, and Publisher A pays him 5 cents per sentence. How many cents does Mark earn in a week?	7500
Baldur gets water from a well. He gets 6 kadwals of water every morning and 5 kadwals of water every afternoon. If each pot contains 5 liters of water, how many liters of water does he get every day?	55
John won an award at work. The award consists of a 1-time monetary reward of $5000 and a 5% increase in salary. If he earns 2000 per week every week of the year, if he wins the award on the first day of the year, how much money will he earn that year?	114,200
Josie is growing grapes in her 10 acre garden. 5 tons of grapes are produced per acre each year, each ton of grapes produces 2 barrels of wine. How many barrels of wine does her vineyard produce each year?	100
Carl's favorite food is cheese. He ate a sandwich every day for lunch this week, using 2 slices of cheese on each sandwich. He ate a cheese and egg omelet 3 days a week, using one more slice for each omelet than he used for each sandwich. Using macaroni and cheese for several dinners during the week, he made a large dish in which he used 8 slices of cheese. How many slices of cheese did he use?	31
Janet has 22 green pens and 10 yellow pens. Later she bought 6 bags of blue pens and 2 bags of red pens. Each blue bag contains 9 pens and each red bag contains 6 pens. How many pens does Zeneth have now?	98
Mr. Brinley is in Bert's math class. Mr. Bert gives six tests every semester. He allows students to drop a lower score from the average score each semester. If Brinley gets 89, 71, 92, 100 and 86 on the first five tests, how much must she score on the sixth test to get an average of 93?	98
Michael likes bike riding. He rides it at least 5 times a week and covers 25 kilometers each time. He did this for four weeks, then, only 2 times a week, but decided to bike ride 60 kilometers each time, which he did for 3 weeks. How many kilometers did Michael ride in total?	860
Joe's Halloween Candy Bag contains 25 chocolate bars and 80 candied apples. Each chocolate bar weighs twice as much as each candied apple. If each chocolate bar weighs 40 grams, what is the weight in grams of a bag of Joe candies?	2600
Rose went to the store on Monday and bought 4 cakes. On Tuesday she went to another store and bought three times the number of cakes, on Wednesday she went to another store and bought 5 times the number of cakes on Tuesday. How many cakes did she buy in all in these three days?	76
Twenty dozen cups cost $1200 less than half a dozen plates that sell for $6000 each. Calculate the total cost of purchasing each cup.	145
Sarah wants to buy herself a new jacket and 2 pairs of shoes. The jacket she wants costs $30 and each pair of shoes costs $20. Sarah babysits her neighbor's children 4 times, earning $5 dollars each time she babysits for them. Her parents give her $4 every time she mows the lawn. If Sarah saves $10 before she starts babysitting, how many times will she have to mow the lawn before she can afford a jacket and shoes?	10
Jerry has a flock of chickens. Red hens lay 3 eggs per day, while white hens lay 5 eggs per day. Every day Jerry collects 42 eggs. If he has two more white chickens than red chickens, how many red chickens does he have?	4
Gary likes to walk along the edge of a local park, a rectangle about 1.5 miles long and 6 miles wide. If he walks at a speed of 3 miles per hour, how many hours will he spend walking?	5
While at the dollar store, Sloan counted 100 customers entering the store. The next day, she counted another 50 more than the first day. If the total number of clients by the third day is 500, how many clients does she count on the third day?	250
Jerry has two pools, each with leaks that drain water at a rate of 4 gallons per minute. 4 minutes ago, the big pool had twice as much water as the small pool. Now the big pool has four times more water than the small pool. How much water is in the small pool now?	8
Lori wants to buy a pair of shoes worth $320.00 and a matching belt for $32.00. Her part-time job pays her $8.00 an hour. How many hours does she have to work before she can buy them?	44
Janet borrows $2000, promising to repay it with an additional 10%. If she is going to pay $165 per month for 12 months, what will be Janet's remaining balance by then?	220
There are 4 roses in a vase of flowers. There are 7 more dahlias than roses in the vase. How many flowers are in the vase altogether?	15
Adrian is three times as old as Harriet. Harriet is half Jack's age. If Harriet is now 21 years old, calculate the average age of the three in three years.	45
Four students scored a total of 251 points in a board game. Naomi scored 68 points. Yuri scored another 10 points, more than half of Naomi's points. Brianna scored 17 points more than Naomi. How many points did Jojo score?	54
A carman takes 10 minutes to complete a crossword puzzle and 5 minutes to complete a Sudoku puzzle. Over the weekend she completed 3 crossword puzzles and 8 Sudoku puzzles. How much time did she spend playing these games?	70
A water tank is filled with 120 liters of water. Cellini used 90 liters of water from the tank to water her small garden. She was later able to collect rainwater to double the remaining water. How many liters of water are there in the tank now?	90
Andy planted 90 geraniums and 40 petunias below the geranium. How many flowers did he plant in all?	140
A company spends $15,000 on advertising one year, then spends a third of that amount on advertising the following year. How much did the company spend on advertising during the two years?	20000
Carlos and Benji are at the beach. Carlos rents a canoe for $30 an hour and Benji rents a banana boat raft for $18 an hour. If Carlos rents the boat for 3 hours and Benji the raft for 5 hours, how much will they pay, in total, for the rentals?	180
Andrew plans a road trip from New Jersey to Rochester. It takes 6 days to travel from New Jersey to Rochester by bus and half of that by car. If he plans to travel to Rochester by bus and from Rochester by car, how many days will he travel?	9
James is counting his Pokemon cards. He has 30 fire type, 20 grass type, and 40 water type. If he loses 8 water types and 14 grass types, what is the probability (rounded to the nearest integer) that a randomly selected card will be a water card?	33
Chad ordered a make his own burrito for lunch. A base burrito costs $6.50. He added $2.00 extra meat, $1.00 extra cheese, $1.00 extra for avocado and 2 sauces worth $0.25 each. He decides to upgrade his meal for an additional $3.00, which adds chips and a drink. He has a $5.00 gift card that he uses at check out. How much more does he have to pay?	9
Kalinda is working on a 360 piece puzzle with her mother. Kalinda usually adds 4 pieces per minute. Generally, their mother adds half the pieces per minute compared to Kalinda. How many hours will it take them to complete this puzzle?	1
A watermelon garden produced 120 baby watermelons. Ashlyn went to the garden two months later and found that 30% of the watermelons were ready to harvest, so she took them home. When she returned two weeks later, 3/4 of the remaining watermelons were ready, so she cut them. How many watermelons are not ready to harvest after two weeks?	21
Mark purchases a fleet of 12 cars for his company, each car selling for $20,000. He paid 10% tax on cars and another $1000 for each car registration. How much does he pay for each?	276,000
Kylie and Robert like to go to the beach to collect shells. On Monday, Kylie collected 5 more alchips than Robert, who collected 20 alchips. On Tuesday, she collected 2 times as many chips as she collected on Monday. How many chips did she collect on Tuesday?	50
Dax goes to their orchard to pick some apples and notices that the orchard has half as many worms as ants. If there are 50 ants, count the total number of insects in the garden.	75
36 penguins sunbathing in the snow. A third of them jump into the sea and swim. Another third go into the cave to eat their dinner. How many more penguins are left sunbathing?	12
Steam decides to start eating more tomatoes and grows his own cherry tomatoes. He eats twice as much as his girlfriend. He eats 6 every day. If a tomato vine can produce 3 tomatoes per week, how many tomato vines does he need?	21
John ordered some pizzas to share with his friends. There are 20 friends in total and John wants to see that each of them gets 4 slices. Only pizzas sliced ​​into 8 servings are sold. How many pizzas does John have to order?	10
Ram has many pens. He discovered that he could save money by combining ink from five empty pens to make one full pen. If he buys 25 pens and later uses them to make new pens when the ink runs low, how many pens will he have in all?	31
John took his allowance of $20 and added another $10 to it. He later invested this sum, which tripled within a year. How much money does he have after one year?	90
Mary is two years younger than Joan, and she is five years older than Jessa. If Jessa is 20 years old, what is the sum of the ages of the three girls?	68
The number of students in a school hall is 1000. The hall has 3 entrances A, B and C which also serve as exits. If after the meeting 30% of the students left the building through exit A, 3/5 of them through exit B, and the rest through exit C, how many students left through exit C?	280
James has 6 more candles than Robert. John has twice as many candles as Robert. If John has 54 candles, how many more candles does John have than James?	21
Dolly has two books. Pandora has one. If Dolly and Pandora read each other's books, as well as their own books, how many books will they end up reading collectively?	6
Mike is pen pals with 5 people. He stopped being pen pals with 2 of them. Each of them sends 2 letters of 5 pages each. He also reacts in the same way. He can write a page every 6 minutes. How many hours does he spend writing in a week?	3
Jason has a 1000 minute phone plan. Every day he has a 15-minute call with his boss, and he has 300 additional minutes of calls with other people this month. How many minutes does Jason have left if there are 30 days in this month?	250
Griffith had 24 french fries, but Kylie took 5 of them. Billy took twice as much as Kelly. Ginger gave Griffith a bite of the fries she had, then Calbe took 3 fewer fries from Griffith than Kaylee had. If Griffith ended up with 27 fries, how many fries did Ginger give Griffith?	20
One aquarium has 4 snails and another aquarium has 32 snails. The difference in the number of snails in two aquariums is twice the total number of fish in the two aquariums. If two aquariums contain the same number of fish, how many fish are in each aquarium?	7
Jean's makeup artist charges $250 per hour. She needs very expensive make-up for a film she is acting in, which takes 6 hours every day, 4 times a week. The film will take 5 weeks to complete. Due to the amount of work done, Jean was given a 10% discount by the make-up artist after the completion of the film. How much did Jean pay?	27000
Isabella bought party supplies for her little sister's birthday party. She spent $12 on cake ingredients, $43 on birthday gifts, $15 on decorations, $4 on invitations, and $22 on goodie bags for party guests. She shared the cost with both parents in three equal parts. How many dollars should each person pay?	32
A chef bought 4 bags of onions. Each sack weighs 50 pounds. A pound of onions costs $1.50. How much did the chef spend?	300
On Monday, Sue ate 4 times as many cookies as her sister. On Tuesday, she ate twice as many cookies as her sister. Her sister ate 5 cookies on Monday and 13 the next day. If 1 cookie contains 200 calories, how many more calories did Sue get than her sister?	5,600
