Janet's duck lays 16 eggs a day. She eats three eggs for breakfast every day. And use four eggs to bake muffins for friends every day. She sells her leftover eggs at the farmers market every day for $2 per fresh duck egg. How many dollars per day will she earn from the farmer's market?	18
One coat uses 2 rolls of blue cloth and half the amount of white cloth as blue cloth. How many rolls of fabric does one robe use?	3
Josh decides to try buying a house and fixing it up to resell. He bought a house for $80,000 and spent $50,000 on repairs. The repairs increased the value of the house by 150%. How many dollars did he make?	70000
James decided to do 3 sets of sprints 3 times a week. By running 60 meters per set, how many meters does he run in total in one week?	540
Wendy feeds her chickens daily with three cups of mixed chicken feed containing seeds, mealworms and vegetables to help keep her chickens healthy. She divides the chickens into three meals. In the morning, she feeds 15 cups of chicken. In the afternoon, she feeds another 25 cups. If there are 20 chickens in Wendy's coop, she must feed the chickens their last meal of the day. How many cups?	20
Kylar goes to the store to buy glasses for his new apartment. One glass costs $5, but the second is only 60% of the full price. Kylar wants to buy 16 glasses. How many dollars does he have to pay for the glasses?	64
Toulouse has twice as many sheep as Charleston. Charleston has 4 times more sheep than Seattle. If Seattle has 20 sheep, how many sheep do Toulouse, Charleston, and Seattle total?	260
Carla was downloading a 200 GB file. Normally she could download 2 GB/minute, but after downloading 40%, Windows forced a restart and the update installed, which took 20 minutes. Carla then had to Start downloading a new file from the beginning. How many minutes did it take Carla to download all the files?	160
John spent 3 hours driving at 60 mph. Then I turned the car around because I realized I had forgotten something very important at home. He tried to get home in four hours, but traffic was at a standstill for the first two hours. Half an hour later he was driving at 30 mph. before being able to drive at 80 mph for the remainder of the 4 hours. How many miles away was he from home?	45
Eliza's hourly rate for the first 40 hours of work each week is $10, and she is paid overtime at 1.2 times her regular hourly rate. If Eliza works 45 hours this week, how many dollars will her income be this week?	460
One new program had 60 downloads in its first month. Downloads in the second month were three times higher than those in the first month. But in the third month there was a 30% drop. How many total downloads did the program have in three months?	366
Tula goes to a bakery and buys several types of bread. She buys 3 dozen donuts for $68 each, 2 dozen mini cupcakes for $80 each, and 6 dozen mini cheesecakes for $55 each. How many dollars total?	694
Carlos plants a lemon tree for $90. The tree produces seven lemons a year, which he can sell for $1.5 each. Watering and fertilizing the tree costs $3 a year, and he will start making a profit from the tree. Lemons in how many years?	13
Melanie is a door-to-door salesperson. She sold one of three vacuum cleaners she had at the green house, and two more at the red house. and sell half of the remaining machines at Orange House If Melanie has 5 vacuum cleaners left, how many vacuum cleaners does she have in the first place?	18
The dance class, which consists of 20 students, has 20% of students taking contemporary dance classes, and the remaining 25% taking jazz classes. and other students Take a hip hop dance class. What percentage of all students take hip hop dance classes?	60
A trader must choose between two purchase plans: $5,000 worth of jewelry or $8,000 worth of electronics. His financial advisor predicts that the jewelry market will increase in value by 2.5% and the electronics market by 1.2% within the month. same If the merchant wants to choose the plan that makes the most profit by the end of this month. How many dollars will the merchant profit?	125
Two trains leave San Rafael at the same time. The two trains began heading west, covering a distance of 80 miles. The next day they headed north, covering a total distance of 150 miles. In two days, how many miles did each train travel?	230
Jill is paid $20 an hour to teach and $30 an hour to be a cheerleading coach. If she works 50 weeks a year, teaching 35 hours a week and coaching 15 hours a week, how much will her annual salary be? dollar	57500
Claire makes an omelet with three eggs for breakfast every day. In four weeks, how many dozen eggs will she eat?	7
Marissa hiked a 12-mile trail. She covered the first 4 miles in 1 hour and the next two miles in an hour. If she wants her average speed to be 4 mph. How fast must she walk? (in miles per hour) for the remaining distance	6
I have 10 liters of orange juice which is two-thirds water and I want to add this orange juice to 15 liters of pineapple juice which is three-fifths water. But as I pour the orange juice I spilled a liter of orange juice. How many liters of water will I have left from the remaining 24 liters of fruit drink?	15
Raymond and Samantha are cousins. Raymond was born 6 years before Samantha. Raymond had a son when he was 23. If Samantha is now 31, then how many years ago was Raymond's son born?	14
Billy sells DVDs On Tuesday, he had 8 customers. The first 3 customers each bought a DVD, the next 2 customers each bought 2 DVDs, and the last 3 customers bought none at all. on Tuesday How many DVDs has Billy sold?	7
A lit candle will melt 2 centimeters per hour. If the candle is lit from 1:00 p.m. to 5:00 p.m., how many centimeters will the candle shorten?	8
Kyle purchases last year's bestseller for $19.50, 25% off the original price. In how many dollars was the original price of the book?	26
Mary orders a chicken dish for $12, 5 packs of milk for $3 each, 4 apples for $1.50 each, and some pizza. Mary paid a total of $50. If each pizza is $8.50, how many pizzas does Mary order?	2
Mishka buys 3 pairs of shorts, 3 pairs of trousers, and 3 pairs of shoes. One pair of shorts costs $16.50, one pair of trousers costs $22.50, and one pair of shoes costs $42. How many dollars does Mishka spend on all the clothes?	243
Cynthia eats a bowl of ice cream every night. She purchases a box of 15 portions of ice cream for $4.00 each. After 60 days, how many dollars will she spend on the ice cream?	16
Henry made two stops during his 60-mile cycling trip. He made the first stop after 20 miles and the second 15 miles before the end. How many miles is the distance between the first and second stops?	25
Gloria was shoe shopping and found a pair of boots that fit her budget. But she had to choose between the boots and two pairs of high heels that together cost five dollars less than the boots. If one pair of high heels costs $33 and another pair costs twice as much as the first pair, How many dollars will a boot cost?	104
The age difference between Darrell and Allen is 7:11. If their current ages add up to 162 years, calculate Allen's age 10 years from now.	109
Gunther is trying to count the jelly beans in a jar. He asked his friend to guess how many jelly beans were in the jar. One friend guessed 80 beads, another guessed 20 more than half the first, and a third guessed 25% more than the first. On average, how many beads did their friends guess?	80
John cares for 10 dogs, one of whom spends about .5 hours walking and running errands each week. How many hours does John spend caring for the dog?	35
Gretchen has 110 medals, with 30 more gold medals than silver medals. How many gold medals does Gretchen have?	70
Shoban has 2 fewer gems than Aaron. Aaron has 5 more gems than Raymond has. If Raymond has 40 gems, how many gems does Shoban have?	23
Mike plays ping pong for 40 minutes. In the first 20 minutes, he scores 4 points. In the next 20 minutes, he increases his score by 25%. How many points does he score in total?	9
Terry eats 2 cups of yogurt per day, which is on sale for 4 cups of yogurt for $5.00. Over 30 days, how many dollars does he spend on yogurt?	75
John intends to sell all his toys and use the proceeds to buy video games. He has 13 Lego sets and sells them for $15 each. In the end, he buys 8 video games for $20 each and has $5 left over. How many Lego sets are there left?	2
John runs 60 miles a week, 3 days a week. On the first day, he ran for 3 hours, and the remaining two days he ran each day for half the time of the first day. How many miles per hour does he run?	10
Dana can run at a speed four times faster than walking. But she can walk and jump at half the speed of running. If she could walk and jump at 3 mph. How many miles will she be able to travel in six hours if she spends one-third of her time running and two-thirds walking?	18
Brandon's iPhone is four times older than Ben's iPhone. Ben's iPhone is twice as old as Susie's iPhone. If Susie's iPhone is 1 year old, how many years will Brandon's iPhone be?	8
Perk, the Great Dragon, sits atop Pharbo Mountain. It shoots fire and burns everything within 1000 feet. Polly can throw a golden spear. The only weapon known to defeat dragons at a distance of 400 feet, which is within the range of a dragon's fire. But when Polly held the sapphire She can throw her spear three times farther than when not wielding it. If you hold this gem How many feet away from the range of the dragonfire can Polly stand and still throw her golden spear at the dragon?	200
Grandma Jones bakes five trays of apple pies for the firefighters' luncheon. She cut each pie into 8 pieces and placed the five pies on the buffet table for guests to scoop out. At the end of the event, after guests had eaten their own pies, There are 14 pies left. How many pieces of pie did the guests take?	26
From nutritional information A bag of potato chips has 250 calories per serving. If a 300 gram bag of potato chips contains 5 servings, how many grams of potato chips can you eat if your daily calorie target is 2000 calories and you have consumed 1800 calories?	48
Charlie wants to sell candles made from beeswax. One pound of wax is used to make 10 candles. One pound of wax with a wick costs $10.00. If he sells candles for $2.00 each, how many dollars in net profit will he make if he sells 20?	20
Meredith is a freelance blogger who writes about health and delivers to her clients every day as a full-time job. A single blog post takes an average of 4 hours to research and write. in the past week She wrote 5 articles on Monday. and wrote 2/5 times as much on Monday as on Tuesday. On Wednesday, she wrote twice as many articles as on Tuesday. Calculate the total hours she spent writing the article in these three days.	104
Candice took 80 post-it notes and put them in her handbag before leaving for work at a coffee shop. On the way, she stopped at a store and bought a pack of post-it notes. during work She sticks one post-it note on 220 coffee cups. If she has 23 post-it notes left, how many post-it notes are in the package she bought?	163
John buys twice as many red ties as blue ties. Red ties cost 50% more than blue ties. He paid $200 for blue ties, which cost $40 each. How many dollars did he spend on all the ties?	800
Tracey uses a 4-foot piece of wire to support a tomato plant in her garden by cutting the wire into 6-inch sections. How many pieces of wire will she have?	8
Richard lives in a 15-story apartment building with 8 units on each floor, and 3/4 of the units are occupied. What is the total number of units that are not occupied?	30
Lloyd has a chicken egg farm. His chickens lay 252 eggs a day, which he sells for $2 a dozen. How many dollars does Lloyd earn per week from eggs?	294
Tom's boat can travel at 10 mph. He sailed from 1:00 p.m. to 4:00 p.m., then returned at 6 mph. How many hours did it take him to sail back?	5
Uriah's book bag was starting to become too heavy for him. He wants to remove 15 pounds. His comic books weigh 1/4 pound each and his toys weigh 1/2 pound each. If he removes 30 comic books, how many toys will he remove?	15
Auto mechanics charge different rates for tire repairs on trucks and cars. For repairing truck tires, technicians charge $60 per tire, and for repairing car tires. Technicians charge $40 per line on Thursdays. Technician patched 6 truck tires and 4 car tires. On Friday, technician patched 12 car tires and did not patch any truck tires. On days with higher income How many dollars did the mechanic earn more than the next day?	40
Meanwhile, the Doubtfire brothers were driving home with seven kittens they had adopted from a local animal shelter. Their mother called to say that two cats at home had just given birth. Mom said that the first cat's name was Patchy. Three times the number of puppies produced by adopted cats. Another cat named Trixie gave birth to 12 kittens. Now, how many kittens do the Doubtfire family have?	40
China has 30 lollipops. China eats 2 lollipops. China wants to divide the remaining lollipops into bags. Each bag has 2 lollipops. How many lollipops can China divide into bags?	14
Peter plans to go see a movie this week. He usually buys tickets for $7 and popcorn for $7. If he had $42 this week, how many times can he go to the movies?	3
The wooden bridge can hold up to 5000 pounds. A delivery truck loaded with identical boxes weighing 15 pounds each drives across the bridge. If the combined weight of the driver and empty truck is 3755 pounds, what is the maximum number of boxes the vehicle can carry without exceeding the bridge weight limit?	83
Stephen orders groceries online. The total was $40.00 because he ordered through a shipping carrier. The service then charged 25% of his total and a $3.00 delivery fee. Stephen also added a $4.00 tip after adding up all additional fees. How many dollars does Stephen's grocery bill total?	57
A raspberry tree has 6 bunches of 20 berries and 67 individual berries scattered throughout the tree. How many raspberries are there in total?	187
One basket had 25 oranges, including 1 rotten orange, 20% unripe oranges, 2 sour oranges, and the remaining sweet and delicious oranges. How many sweet, delicious oranges are there?	17
Janet bought her daughter a brooch. She paid $500 for the materials to make the brooch and $800 for the jeweler to assemble the brooch. After that, she paid 10% of the amount to insure the brooch. How many dollars did she pay?	1430
If Marcy works for the same company for 40 years, she will receive an annual pension of $50,000/year. Starting in Year 20, she is entitled to an annual pension of 5% of the above annual value. If she resigns after 30 years, how many annual pension dollars will she receive?	25000
Alina subscribes to a streaming service that charges $140 per month if the streaming company charges as stated above for the first half of the year. Then charge a 10% lower service fee for the second half of the year. Calculate the total amount she paid the streaming service at the end of the year.	1596
Sophia plans to take her car on a road trip. And want to know how many miles can be driven on one tank of gas? After filling the gas tank last time She had driven 100 miles and she had to add 4 gallons of gas to fill the tank again. Her driver's manual states that her gas tank holds 12 gallons of gas, so how many miles can Sophia drive on one tank of gas?	300
Jim spends two hours watching TV, then decides to lie in bed and read for half of his TV time. He does this 3 times a week. In 4 weeks, how many hours will he spend watching TV and reading books?	36
Four schools compete in the basketball tournament. Each school sends one women's basketball team and one men's basketball team. Each team has 5 players. Each school also sends one coach to the other team. In total, how many people does every school send to participate in the competition?	48
Treasure hunters find a treasure chest full of buried gems. The chest contains 175 diamonds, 35 fewer rubies than diamonds, and twice as many emeralds as rubies. How many gems are there in this chest?	595
Dr.'s school Wertz has twice as many boys as girls. If a school has 60 female students and one teacher for every 5 students, how many teachers are there?	36
Bayley has some money. Then receives a weekly allowance of $5 per week for 8 weeks. If she has a total of $100 at the end of 8 weeks, how many dollars does Bayly have initially?	60
Judy teaches 5 dance classes every weekday and 8 lessons on Saturday. If each class has 15 students and she charges $15.00 each, how many dollars will Judy earn in one week?	7425
Kylian has recipes for two dishes. The first recipe has 20 steps, and the second has twice as many steps as the first. How many steps does Kylian have to read to cook both menus?	60
Tommy is raising money for charity by selling $3 brownies and $4 cheesecakes. If Tommy sells 43 brownies and 23 cheesecakes, how many dollars will Tommy raise?	221
Sheila purchases a cell phone for $150 each in 3 monthly installments. Each phone charges 2% interest. So, how many dollars per month will Sheila pay?	255
Artie has a flower stand at the farmers market. He sells three kinds of flowers: marigolds, petunias, and begonias. Normally, he sells marigolds for $2.74 per pot, petunias for $1.87 per pot, and begonias for $2.12 per pot. But today, Artie doesn't have any change. So he decided to round up the price of all the flowers. If Artie sells 12 pots of marigolds, 9 pots of petunias, and 17 pots of begonias, how many dollars will he earn?	88
Luke built a sand castle on the beach. Finally, he noticed that each tier of the sand castle had half a square foot less space than the one below. If he builds a 4-story sand castle with an area of ​​16 square feet on the top floor, how many square feet is the average area of ​​each floor?	60
Cecilia just bought a new puppy. Her veterinarian said She will need to feed the puppy 1 cup of dog food per day for the first 180 days, then 2 cups of dog food per day for the rest of her life. If one bag of dog food contains 110 cups of food, how many bags of dog food will Cecilia need in her first year?	5
If Raymond does half as much laundry as Sarah's, And Sarah does 4 times more laundry than David. Calculate the difference between the laundry that Raymond and David do if Sarah does 400 pounds of laundry.	100
Vincent can buy a bunch of 3 flowers for $2.50 or a bunch of 2 flowers for $1 if he buys 18 flowers for a lower price. How many dollars will he save?	6
John adopts a dog He had his dog groomed for $100, but the groomer offered a 30% discount to new customers. How many dollars does a dog's grooming cost?	70
Two girls each draw 1/6 of 24 liters of water, then another boy draws 6 liters of water. Finally, how many liters of water will be left?	10
Charlie has 10 stickers. He buys 21 stickers from a store in the mall. and received 23 stickers for his birthday. Then, Charlie gave his sister 9 stickers and used 28 stickers to decorate a greeting card. How many stickers will Charlie have left?	17
Grace weighs 125 pounds. Alex weighs 4 times Grace's 2 pounds less. How many pounds do the two of them weigh together?	623
Dan plants 3 roses. Each rose has 25 flowers, each with 8 thorns. How many thorns do the roses have in total?	600
A football team plays 22 matches, with 8 more wins than losses. How many matches does the football team win?	15
Gene takes old souvenir T-shirts and patches them into a quilt. He buys souvenir shirts every time he goes on vacation. Every shirt will be in its own quilt block. Each row of the quilt will consist of shirt blocks from each year's vacation. Gene goes on vacation four times a year. And he started going on vacation when he was 23. He's now 34. How many blocks are there in his quilt?	44
Greg sets an alarm to remind him three times a day. When the alarm clock The alarm will continue to sound until Greg turns it off. First round at the alarm clock today. The clock beeps four times. Second round at the alarm clock The clock sounded three times longer than the first round. Third round at the alarm clock The clock beeps for half the time of the second cycle. How many times did the clock sound in total?	22
The company pays employees $600 per month. The company has a policy of increasing employees' salaries by 10% from their starting salary every year if they have been with the company for five years. If Sylvie had worked at the company for five years last December. What is Sylvie's total annual salary after three more years?	9360
Marilyn's first song sold 10 times more than the Herald. If Marilyn's song sold 88,000 copies, how much did the Herald sell?	8000
Christina is planning a birthday party and needs 0.75 gift bags for each guest because 1/4 of the invitees will not attend. Christina has invited 16 friends. Gift bags cost $2 each. How much will she pay?	24
Ted the T. Rex is planning to bring potato salad to a dinosaur picnic. He knew that one adult dinosaur would eat 10 pounds of potato salad, and one baby dinosaur would eat half the amount of salad that an adult dinosaur would. If 20 adult dinosaurs and 5 baby dinosaurs come to a picnic, how many pounds of potato salad will Ted bring to the picnic? If you want to have enough for all the dinosaurs,	225
Jan has three times as many pets as Marcia. Marcia has two more pets than Cindy. If Cindy had four pets How many pets will the three of them have in total?	28
Emily has 4 children named Amy Jackson, Corey and James. A is 5 years older than Jackson and 2 years younger than Corey. If James is 10 years old and 1 year younger than Corey, how old is Jackson?	4
Lee once ran the 400 meter hurdles two seconds faster than Gerald. But Gerald changed his diet to lose weight. Make him 10% faster. If Lee can run the 400 meter hurdles in 38 seconds, in how many seconds will Gerald, who is on a diet to lose weight, be able to run the 400 meter hurdles in 38 seconds?	36
In one residential area there are more dogs and cats than twelve pet rabbits. If there are twice as many cats as dogs and there are 60 dogs, how many pets are there in total in the neighborhood?	348
There are 200 students in Grade 5, of whom 2/5 are boys and 2/3 are girls who are Girl Guides. How many girls are Girl Scouts?	40
Last night, Harry slept 9 hours. His friend James only slept 2/3 of the time. How many hours longer does Harry sleep than James?	3
When Frieda brought canned tomatoes to make sauce. Those tomatoes will be cut in half in volume. Each can of tomatoes she used was 16 ounces and each can held three tomatoes. The last ketchup Frieda made was 32 ounces. How many tomatoes did Frieda use?	12
On the expressway, there are cars following each other in a line. Some cars moved through the traffic jam for the first 15 minutes, then another 20 cars moved through the traffic jam for the final 15 minutes. Five cars in line used the exit lane so they didn't have to move. through traffic jams If there are initially 30 cars on the expressway, how many cars move through the traffic jam in the first 15 minutes?	5
Mary was a passionate gardener. Yesterday she received 18 new pots of plants from her favorite nursery. Along the 40 window sills of her country house, there are two potted plants per window. With the urge to share, She has decided to give her friends one potted plant on each window sill. and family tomorrow Mary will have only a few pots left.	58
Jerome had four friends visiting on some days. The first friend rang the doorbell 20 times before Jerome opened it. The second friend rang the doorbell 1/4 more times than Jerome's first friend. The third friend rang the doorbell 10 times more than the fourth friend. If the fourth friend rang the doorbell 60 times, the doorbell was rang. How many times?	175
Zoro had to read 4 pages of a science textbook, 20 pages of a social studies textbook, 7 pages of a history textbook, and 8 pages of a geography textbook. On Monday, Zoro read 15 pages. If he had 4 more days to read them all, page How many pages of textbooks must he read on average per day?	6
John usually drinks a glass of water with breakfast, lunch, and dinner. Finally, he also drinks a glass of water before going to bed. John will do this every weekday. But on the weekends, he likes to relax and drink soda with dinner instead. How many glasses of water does John drink per week?	26
The ocean fog rolls in over the city, taking 10 minutes to cover the city every 3 miles. If the city were 42 miles from the ocean coast to the opposite coast on land, In how many minutes will the fog cover the entire city?	140
Poppy is putting together a 1,000-piece jigsaw puzzle. She has completed one-quarter of the total number of jigsaw puzzles on the board. Her mother then completed the remaining third of the puzzle. How many pieces of the puzzle are left to complete?	500
Cody eats three times as many cookies as Amir. If Amir eats 5 cookies, how many cookies total did the two of them eat?	20
John has three boxes, each measuring 5 inches x 6 inches x 4 inches. The sides of the boxes are 1 inch thick. What is the total volume of the three boxes?	72
Every night Frankie watches TV after finishing his homework. On Mondays and Tuesdays He'll watch one hour-long episode of his favorite show each night. On Wednesdays, he watches a few 30-minute episodes. As for Thursday He finished his homework quickly. Then he watches one hour-long program and one 30-minute episode on Fridays. He can stay up late because he has the weekend. So he watches two one-hour episodes. If he watches 7 hours of TV in total, how many 30-minute episodes does he watch on Wednesday?	3
Henry is making cookies for a local baking contest. He wants to make double the amount of cookies he made last year. When he finished baking the cookies He realized that he had made 15 extra cookies. He dropped 5 cookies while taking them out to cool. And now he has 110 cookies total. How many cookies did Henry bake last year?	50
A local gas station sells gas for $3.00 per gallon. An app development company is offering $0.20 per gallon rebate if you fill up at the station. If a customer purchases 10 gallons of gas, how much will the gas purchase amount after receiving the rebate reward?	28
Marcel and Beatrice are competing to see who can eat the most dried fruit rolls. The two of them rolled out as many dried fruit sheets as they could find, but someone made a mistake. Beatrice's dried fruit rolls are width two and length 24, while Marcel's are width 3 and length 14. If both of them eat all the dried fruit rolls, How much do they eat on average?	45
Julia's boat developed a leak while she was in the lake, with every ten feet she rowed back to shore. Two liters of water will enter the boat. It took Julia sixteen seconds to row twenty feet. And the coast was 64 seconds away when Julia rowed back to shore. How much water will enter the boat?	16
One classroom has a whiteboard. It is shared between 4 teachers who take turns using this classroom. Each teacher will teach 2 lessons per day and in each lesson a whiteboard will be used. If the whiteboard is deleted 3 times in each class period, how many times will the whiteboard be deleted in one day?	24
Ryan plants 2 flowers a day in his garden. After 15 days, how many flowers will he have if 5 flowers don't grow?	25
Jamal's phone can hold 6 times more photos than Brittany's phone. Brittany's phone can hold up to 50 times more photos than the ducks in the duck photo Jamal took at the zoo. If Jamal's phone can store 1,800 photos, how many ducks can be seen in the photos Jamal takes of ducks at the zoo?	6
Sasha noticed that the price of wood chips had increased by 50% in the past few months after she purchased some wood chips. Because she had pieces of wood left over. So I decided to sell it. She has ten 2 x 4 x 10 slabs that she bought for $10 each. She also has five 4 x 4 x 10 slabs that she bought for $16 each. If she sells all the scrap lumber, How much profit will she make?	90
Katie makes coffee using teaspoons of sugar and water in glasses in a ratio of 7:13. If the number of teaspoons of sugar and the number of glasses of water she uses add up to 120, calculate how many teaspoons of sugar she uses. tea	42
John buys 2 pairs of shoes for each of his 3 children, each costing $60. How much did John pay?	360
Customs officials at the main port of the SeaSide tariff exemption point counted two containers carrying imported vehicles, each with five vehicles inside. The next day, more containers were brought in. And the total number of vehicles at the port becomes 30. Calculate how many containers were imported on the second day. If every shipping container has 5 cars	4
Adrian's total salary was 30 percent more than Lilah's total salary. Then, four years later, Adrian's salary increased. And he gets 40% more salary than he did four years ago, if Adrien and Lilah's salaries increase at the same time. And four years ago Adrian earned a salary of $40,000. Calculate the total salary the two earned four years later.	95200
Miguel uses 2 drawing papers per week. If a book has 30 sheets of paper, how many sheets of paper will he use each month?	240
Morrisat and Kael were asked to bring some fruit. Morrisat bought 5 apples and 8 oranges, while Kael bought twice as many apples. and half the amount of oranges that Morrisat purchased. How many fruits will the two of them have together?	27
Sadie slept 8 hours on Monday. Over the next two days, she slept two hours less each night as she had to complete assignments. If during the rest of that week She slept 1 hour longer than those two days. How many hours did she sleep throughout the week?	48
Rosie can run 10 mph for 3 hours, then she runs 5 mph. How many miles can Rosie run in 7 hours?	50
Jenny is helping at her mother's office. She had a pile of 60 letters that needed to be stamped. and a pile of letters with stamps on them She put a stamp on one of the three letters that required a stamp. If there are now 30 letters in the pile that have stamps on them. When Jenny started How many letters are there in that pile?	10
Julia is preparing food for a dinner party at her house. which she intended to make a stew and found that she didn't have a plastic spoon. So she bought a pack of new spoons. Later, her husband also bought Julia a pack of five spoons. While Julia was making the stew She used three spoons to taste the stew. Then when she went to set the table, She has 12 spoons. How many spoons are in the pack that Julia bought?	10
Dylan needs chicken sausage and fish sausage to make sausage bread for the party. He bought 38 chicken sausages and 6 more fish sausages than chicken sausages. How many sausages did Dylan buy?	82
After moving to study at a new school Amy also has 20 more new friends than Lily. If Lily has 50 friends, how many friends do Lilly and Amy have together?	120
Wells' mother sells watermelons, bell peppers, and oranges at a local store. One watermelon costs three times the price of each bell pepper. An orange is $5 cheaper than a watermelon. Dillan is asked to come to the store to buy 4 watermelons, 20 bell peppers, and 10 oranges. How much will he pay if bell peppers cost $15 each?	880
A hospital sees 500 patients per day, with each patient treated for an average of 24 minutes. Doctors charge the hospital $150 per hour and the hospital charges patients $200 per hour. Hospital How much profit do you make from these patients coming to see the doctor?	10000
Nyssa hires 60 seasonal workers to play the roles of Santa Claus' village elves in her department store. One third of the elves quit after being vomited on by children. Then 10 of the remaining elves quit after being kicked in the shins by children. How many elves are left?	30
Joseph had $500 in expenses in May. He had $60 less expenses in June. What were Joseph's total expenses during the two months?	940
Pam and Fred go to an amusement park during the festival. Pam rides two rides on the rollercoaster and Fred rides four on the rollercoaster. Later, they decide to ride the luge on two rides each. If they have to buy six tickets for each ride, they How many tickets were used that day?	60
On Monday, Walt walked 4 miles. On Tuesday, he walked 6 times the distance he walked on Monday. From Monday to Wednesday, he walked a total of 41 miles. How many miles did he walk on Wednesday?	13
Tom washes his car 4 times a month. If each car wash costs $15, how much does he pay to wash his car in one year?	720
Brian's friend Bobby has 3 times as many video games as Brian has 5. If Brian has 20 video games but loses 5 before the comparison is made, How many video games does Bobby own?	40
There are 27 unicorns left in the world, a third of which are in the Scottish Highlands and two thirds of all Scottish unicorns are female. How many female unicorns are there in Scotland?	6
Rory orders two long sandwiches for $7.50 each, two bags of chips for $1.50 each, and two cookies for $1.00 each to be delivered to her home. When she's paying, there's a 20% delivery charge and she wants to tip another $5.00. How much will she pay for the delivery order?	29
Yesterday Mark took an exam with 75 questions. He completed the exam at a pace of 5 questions per hour. Today he took another test with 100 questions and he used the same answering speed. If Mark has 8 hours to take the first test and 6 hours to take the second, How many unfinished questions will Mark have left?	105
In the coin-operated candy machine There are four times as many pink gums as there are 22 blue gums. If there are 12 blue gums, how many pink gums are there in the cabinet?	70
Among the 20 rental cars available, 12 are automatic and 4 are manual. and the rest is a semi-automatic transmission. What is the percentage of semi-automatic transmission cars?	20
There are 700 bees in the hive. The worker bees are twice as many as the brood. and the number of bees is twice that of the queen bee. How many worker bees are there in the hive?	400
Jordan plays video games 2 hours every day. And he also works part-time for $10 an hour. How much money would Jordan make in a week if he put his time playing video games into part-time work?	140
John buys $2 milk, $3 eggs, $3 light bulbs, $3 cups, and $4 cockroach traps if there is a 10% tax on all non-food items. How much do all the products cost together?	16
Kim has started a house cleaning business and is calculating the profits he will make from his customers. He already had 3 customers, but was talking with 5 more potential customers. He was confident enough to include those 5 in his profit calculation. Each customer's home will require two bottles of bleach and one pack of cleaning wipes. Bleach is $2 a bottle and cloth is $5 a pack. His only expenses are this. He calculates that his total income will be $92 each week, with the profit being the difference between his total income and his total expenses. So, how many dollars will he make in profit each week?	20
John has a pineapple orchard of 10 hectares. For every hectare there are 100 pineapple plants. John can harvest pineapples every 3 months. How many pineapples can John harvest in one year?	4000
Johnny was picking up toys on the floor in his room. Previously, he had poured a box set with 500 pieces onto the floor, another set that had three times the number of pieces as the 500 piece set, and another set that had 1/4 john of pieces. How many lego pieces did Nani pick up on the floor?	2,125
Debra is checking a hive to see how many bees come and go in a day. She sees 30 bees leave the hive in the first 6 hours. Then she sees 1/2 of all the bees that leave come back. Over the next 6 hours, she saw twice as many bees as she had seen leave the hive in the next 6 hours. Later, all the bees that had left earlier and had not yet returned to the hive. and returned over the next 6 hours. How many bees did Debra see return to the hive during the last 6 hours of the day?	75
Brittany and her mother visit a museum. Admission for adults is $12 and for children is $10. Brittany's mother pays the ticket for one child and one adult ticket to the cashier. If Mom received $8 in change, how many dollars did she give the cashier?	30
Charlie has three times as many friends on Facebook as Dorothy. James has four times as many friends on Facebook as Dorothy. If Charlie has 12 Facebook friends, how many Facebook friends does James have?	16
Steve and Tim decide to have a competition to see who can get from school to home the fastest. Steve's house is further away than Tim's. He was therefore given the right to ride a bicycle. Steve is 3 miles from the school and can ride his bike at 440 feet per minute. Tim is 2 miles from the school. If Tim can ride his skateboard at 264 feet per minute, how long will the winner wait at home? Before the loser reaches the finish line in the race	4
Shawnda saw that the children Your neighborhood will definitely need bicycle tire pumping services. She decided that the best way to charge was by the number of tires. The cost to inflate each tire was 25 cents. On the first day, five cyclists came to inflate both tires, and three people came to inflate every tire on a tricycle. At the end, a customer arrived with a unicycle. How many dollars did Shawnda earn that day?	5
Carl bought ten packs of cookies. Each pack has six cookies inside. Each cookie costs $0.10. How much change does Carl receive if he pays with a $10 bill?	4
Dave bought a large pack of french fries and ate fourteen of them before a hungry seagull stole the package from his hand. When the seagulls fly down to the ground Then he ate half the amount of french fries that Dave ate. Then three pigeons came and chased the seagulls away from the food. And each pigeon ate three french fries. The raccoon later stole two-thirds of the remaining french fries. The ant carried away the last french fry. There are five pieces left. How many french fries were in the package when Dave bought them?	48
On Mondays, Wednesdays and Fridays, Kaimo, a student, attends three classes a day. Each lesson lasts 1 hour. On Tuesdays and Thursdays, He attends two classes a day. Each lesson lasts 2 hours. There are 16 weeks of study per semester. How many hours does Kaimo spend attending class?	272
Bill bakes 300 bread rolls, 120 chocolate croissants, and 60 baguettes every day. Each roll is 4 inches long, each croissant is 6 inches long, and each baguette is two feet long. If Bill had all the baked goods lined up next to each other, How many feet long will it be?	280
The zookeeper feeds all the apes in the zoo, and every two months he orders all the bananas from a local garden. If each month A monkey needs 200 bananas, a gorilla needs 400 bananas, and a baboon needs 100 bananas. How many bananas must he order to have enough for 2 months?	1400
Blake and Kelly compete to see who can run the furthest in 15 minutes. They decide to compete on a 100-yard football field. Blake runs back and forth 15 times, Kelly runs back and forth once. Deciding that she didn't want to run next to Blake, she started running to the 40 yard line and back, doing this 34 times. How far did the winner run than the loser?	80
Rafael went out to buy school supplies. He bought four $1.5 pens, two $4 notebooks, and a stack of $20 durable paper. How much did Rafael pay for all the equipment?	34
Finn watches 11 tadpoles swimming in a pond. Suddenly, he saw six tadpoles in the group come out from their hiding places under the lotus leaves. Later, he saw two tadpoles in the group take refuge under a rock. How many tadpoles will Finn see in the pond now?	15
The water in one tank was 17 feet deep on Monday. Later on Tuesday, the water rose 7 feet. On Wednesday, the water was two-thirds as deep as measured on Tuesday. How deep was the water in the tank on Wednesday?	16
Anakin and Locsin went to the beach today. Anakin caught 10 starfish, 6 seahorses, and 3 clownfish. Locsin caught 5 fewer starfish than Anakin, 3 fewer seahorses than Anakin, and 3 clownfish. Two more than Anakin. How many fish did the two of them catch?	32
If marbles cost $20 a bag and the price increased 20% from the original price every two months. How much will a bag of marbles cost after 36 months?	92
The room contains a variety of toys, including five red cars, three poseable figures, and a doll. That doll costs the same as three poseable figures, and the red cars cost $4 each. How much are all the toys worth? If poseable figures cost $5 each	50
Jackie is trying to decide whether she will file her taxes herself or hire an accountant. If she files her taxes herself If she does, she'll work three hours less as a freelancer, losing $35 an hour. Accountants charge $90 if she hires an accountant to do her taxes. How much money will she have?	15
Elvira chose a new computer and lots of accessories as her 30th birthday present. She had €1,500 on hand, which her entire family put together to give to her. And she thought she would have a little more money left over to buy clothes. She goes to a computer store and selects a €1,090 machine that comes with a screen, keyboard, and mouse. She also buys a €157 scanner, a €74 CD recorder, and a €102 printer. She will How much money is left to buy clothes?	77
Sandra's neighbor would give her a basket of nine eggs every time she helped take care of her daughter. Sandra needs 3 eggs to make a Spanish flan. If Sandra is tasked with making 15 Spanish flancakes for a school charity event. How many times will Sandra have to help take care of her neighbor's daughter?	5
Seth is twice as old as Brooke. In 2 years their combined ages will be 28. How old is Seth now?	16
Jimmy has more than twice as much money as Ethel, $2. If Ethel has $8, how much money does Jimmy have?	18
Pancho walks 20 miles a day, except on weekends when he walks 10 miles. How many miles does he walk in a week?	120
Marching band orders new uniforms Each uniform comes with a $25 hat, and jackets are three times the price of the hat. and pants with an average price of hats and jackets. How much does each uniform cost?	150
Jake is walking in the Entomology Museum. He sees 80 spiders, each with 8 legs, 90 insects, each with 6 legs, and 3 rare mutant invertebrates, each with 10 legs. How many legs does Jake see?	1210
At Caboose there are four birds. Sally Two is three years older than Granny Red. Granny Red is twice as old as Sally Four. If Sally Four is the same age as Sally Thirtytwo and Sally Thirtytwo is 8 years old, how old are the four birds combined?	51
Jessica is trying to figure out how much to pay off all her debts each month. Her student loans have a minimum payment of $300/month, her credit cards have a minimum payment of $200/month, and her mortgage payment minimum is $500/month. If Jessica wants to pay 50% more than the minimum, How much does she have to pay in one year?	18000
Billy is peeling and chopping potatoes to prepare potato salad for the barbecue at his big family reunion. which is a big job So he prepared 60 potatoes. The potatoes were about the same size. Therefore, it takes about the same time as Peel and cut each potato. It took Billy about a minute and a half to peel the potatoes. But it only takes 5 seconds to cut. How long will it take Billy to finish preparing the potatoes?	95
Juan and Carlos his younger brother They are selling lemonade at a cost of $3 per gallon for lemons and $2 for sugar. They are selling it for $0.50 per glass and are selling 20 per gallon. If they made a profit of $25, how many lemons did they buy?	15
Of the 240 Asians competing, 80 were Japanese and the rest were Chinese. If the number of boys in the Chinese team is 60, how many girls are in the Chinese team?	100
Zed uses 1/4 of his salary to pay rent, 1/3 to pay for gas. and donate half of the remaining amount to his favorite charity. He gives his daughter $200 for weekly expenses and his wife $700 to cover groceries and other household items. If Zed earns $6000 per month, how much money will he still have after all these expenses and donations?	350
Rani has ten more crabs than Monique. Monique has 4 fewer crabs than Bo. If Bo has 40 crabs, calculate the total number of crabs that the three of them have combined.	122
Lloyd earns $10 an hour tutoring math. He teaches 5 hours the first week and 8 hours the second week. How much money did he earn in the first two weeks?	130
Two candidates are running for class representative at a school in Sarai. If the winner receives 3/4 of the votes and the voting class totals 80 students, calculate the number of votes received by the loser.	20
Sandra, a local florist, is extremely unhappy with Fred's incomplete delivery. Sandra ordered four times as many red roses as white carnations. She also ordered 200 pink calla lilies, five times as many as white carnations. Sandra threatened to change suppliers if the missing red roses weren't delivered by 5:00 PM to keep Sandra's business going. How many red roses must Fred deliver by 5:00 p.m.?	160
Jean is two years older than Mark. Two years ago, Mark was 5 years older than half Jan's. If Jan is now 30 years old, how old is Jean?	23
Two track teams are competing in the 4 by 400 meter relay, a race in which each team has four members. Each person will run 400 meters or one lap. Standard track lap Every one of these two teams is good. Each member will run 400 meters in precisely 55 seconds. The other team is less talented. The first runner on the team will run 400 meters in 60 seconds. Then each subsequent runner will run 3 seconds faster than the previous runner. Based on this information, how many seconds will the faster team win over the other?	2
Jerry is rolling a six sided dice. possibility How much more (expressed as a percentage) is he likely to roll a number higher than 3 than if he rolls two even numbers in a row?	25
Jenna and her mother pick apples from the apple farm. Jenna picked half the apples her mother picked. If her mother picked 20 apples, how many apples did the couple pick?	30
Russell works at a pet store and is handing out straw to various rodents. He raised rats in three cages, divided into equal groups, each rat getting 6 strands of straw, 10 separate hamster cages, each hamster getting 5 strands of straw, and a rabbit pen that He gave all the rabbits 20 strands of straw. He wouldn't have to hand out any more straw in the store if he gave out 160 straws to all the small rodents. How many rats are there in each rat cage?	5
Mandy owes Benedict $100. They agree to charge 2% interest per month if Mandy can pay off the debt in 3 months. How much should she pay Benedict?	106
A merchant buys a quantity of wheat from a farmer for $20 per sack. If it costs $2 to transport each sack from the farm to the warehouse and the merchant makes a total profit of $400 after selling each sack for $30, how much rice does he sell? sack	50
Three friends spent $20.25 on three tickets to the event. They spent less on food than the $4.50 ticket cost. They also got to ride two different rides, paying $33 for each. If they agree to split all expenses equally, how much will each person pay?	34
John picks peaches for 3 hours. He picks 2 peaches per minute. How many peaches will he pick?	360
Ducks must eat 3.5 pounds of insects each week to survive. If there is a flock of ten ducks How many pounds of insects will a flock of ducks eat per day?	5
Tom plants 10 trees a year, and every year he cuts down 2 trees. He starts by planting 50 trees. After 10 years, 30% of the trees have died. How many trees will he have left?	91
Sue lives in a fun neighborhood. in one weekend The neighbor decided to prank Sue. on Friday morning A neighbor placed 18 pink plastic flamingos in Sue's front yard. on Saturday morning A neighbor brought back one of the three flamingos and painted it white. Then he returned the newly painted white flamingo to Sue's front yard. Then on Sunday morning They added 18 more pink plastic flamingos to the collection. At noon on Sunday, there were more pink plastic flamingos outside than white plastic flamingos. one	24
Violetta wants to buy new crayons. She wants 5 colored crayons and has $20 to buy them. One crayon costs $2. How much change will she get?	10
One pen costs the same as a pencil and an eraser combined. A pencil costs $1.20 and an eraser costs $0.30. How much will 8 pens cost?	12
200 pounds of carrots were distributed to 40 restaurants in one city. With each store receiving 2 pounds of carrots, how many pounds of unused carrots will be left?	120
In Soda City there are 23,786 residents, including 8,417 men and 9,092 women, with the remaining population being children. How many children are there in Soda City?	6277
At first, Elaine had 20 Pokemon cards. After one month, She picked up three times the original number of cards. in the second month In the third month, she collected 20 fewer cards than she had collected in the first month. She collected twice as many Pokémon cards as she had collected in the first and second months combined. How many Pokemon cards does she have now?	320
Mark is the original editor. He edited an equal number of sentences for two publishers. together each week Each publisher paid him a different rate per sentence. Publisher B paid Mark double what Publisher A paid. Mark edited 1000 sentences a week, and Publisher A paid him 5 cents. continue the sentence How many cents does Mark make per week?	7500
Balder draws water from the well. He draws 5 buckets of water every morning and 6 buckets in the afternoon every day. If each bucket holds 5 liters of water, how many liters of water will he draw per day?	55
John received an award at work. This is a one-time prize of $5000 and a 5% salary increase if he earns $2000 per week every week of the year. And he received this award on the first day of the year. How much money did he make in total that year?	114,200
Josie grows grapes on her 10-acre farm. Each acre produces 5 tons of grapes per year, and each ton of grapes produces 2 barrels of wine. How many barrels of wine does her farm produce per year?	100
Carl's favorite food is cheese. This week he ate one sandwich for lunch every day and put two slices of cheese in each sandwich. He ate a cheese omelet for breakfast 3 days this week. Put more cheese in an omelet than in a sandwich. He made a large macaroni and cheese platter for dinner for several days this week with 8 slices of cheese in it. How many slices of cheese did he use?	31
Janet has 22 green pens and 10 yellow pens. Next, she buys 6 bags of blue pens and 2 bags of red pens. Each bag of blue pens has 9 pens and each bag of red pens has 6 pens. Now Janet How many pens are there in total?	98
Brinley is in Teacher Burt's math class. Teacher Burt will give you six tests each semester. He allows students to deduct the lowest score from the average score for each semester. If Brinley gets 89, 71, 92, 100, and 86 points in the first five tests. What score must she score on the sixth test to reach an average of 93?	98
Michael likes to ride a bicycle. He cycles at least 5 times a week. And each time he rode 25 kilometers, he did so for four weeks. Then he decided that he would ride his bike only 2 times a week. Instead, he rode 60 kilometers at a time, and he did that for 3 weeks. How many kilometers did Michael cycle in total?	860
Joe's Halloween candy bag contains 25 chocolate bars and 80 candied apples. Each chocolate bar is twice as heavy as one candied apple bar. If each chocolate bar weighs 40 grams, how many grams does Joe's bag of candy weigh?	2600
Rose went to the store on Monday and bought four cakes. On Tuesday she went to another store and bought three times as many cakes. On Wednesday, she went to another store and bought five times as many cakes as she did on Tuesday. How many cakes did she buy in three days?	76
Twenty dozen cups cost $6,200 less than the total cost of half a dozen plates each. Calculate the total cost of purchasing each cup.	145
Sara wants to buy herself a new jacket and two pairs of shoes. The jacket she wants costs $30 and the shoes cost $20 each. Sara helps take care of the children. her neighbor's child four times, earning $5 each time she babysits, and her parents give her $4 each time she mows their lawn. If Sara already had $10 saved up before she started babysitting. How many times does she have to mow the lawn before she can buy a jacket and shoes?	10
Jerry has a flock of chickens. Red chickens lay 3 eggs a day and white chickens lay 5 eggs a day. Jerry will collect 42 eggs every day if he has two more white chickens than red chickens. How many red chickens does he have?	4
Gary likes to walk around the edge of local parks. It is a rectangle that measures 1.5 miles by 6 miles. If he walks at 3 mph, how many hours will it take him to walk?	5
While at the one dollar store Sloan counted 100 customers who came into the store. The next day, she counted 50 more customers than the first day. If the total number of customers on the third day was 500, how many customers did she count on the third day?	250
Jerry has two swimming pools. Both pools were leaking 4 gallons of water per minute. Four minutes ago the large pool had twice as much water as the small pool. The large pond now holds four times more water than the small pond. How much water is in the small pond now?	8
Laurie wants to buy shoes that cost $320.00 and a matching belt that costs $32.00. Her part-time job pays $8.00 an hour. How many hours will she have to work to be able to afford these items?	44
Janeth borrows $2,000 and promises to repay it with 10% interest if she pays $165 per month for 12 months. At that point, how much will Jane owe?	220
There are 4 roses in a vase. There are 7 more dahlias than roses. How many flowers are there in this vase?	15
Adrien is three times older than Harriet. And Harriet is half Zak's age. If Harriet is now 21 years old, calculate the average age of the three people over the next three years.	45
Four students scored a total of 251 points on the board game, with Naomi scoring 68. Yuri scored 10 more than half of Naomi's points, and Brianna scored more than Nao. Mi 17 points How many points did Jojo score?	54
It took Carmen 10 minutes to complete the crossword puzzle and 5 minutes to complete the Sudoku puzzle. Over the weekend, she solved 3 crossword puzzles and 8 Sudoku puzzles. How much time did she spend playing these games?	70
A water tank holds 120 liters of water. Celine uses 90 liters of water from the tank to water her small garden. She then collects twice as much rainwater as the rest. How many liters of water are in the tank now?	90
Andy planted 90 geraniums and 40 fewer petunias. How many flowering plants did he plant?	140
One company spent $15,000 on advertising for one year. Then spend one-third of that amount on advertising for another year. In total, how much did this company spend on advertising in two years?	20000
Carlos and Benji are at the beach. Carlos rents a canoe for $30 an hour and Benji rents a banana boat for $18 an hour. If Carlos uses the boat for 3 hours and Benji uses the raft for 5 hours, they How much will the total rent be paid?	180
Andrew planned a road trip from New Jersey to Rochester. That would take six days by bus and half as long by car from New Jersey to Rochester. If he plans to go to Rochester by bus and return from Rochester by car. How many days will it take him to travel?	9
James was counting his Pokemon cards. He has 30 Fire cards, 20 Grass cards, and 40 Water cards. If he loses 8 Water cards and buys 14 Grass cards, what is the chance that he will draw a Water card? (Round to the nearest whole number)	33
Chad orders a pick-your-own burrito for lunch. A basic burrito costs $6.50. He adds beef for $2.00, cheese for $1.00, avocado for $1.00, and two sauces for $0.25 each. He decides to upgrade his meal for $3.00, adding fries and drink He had a $5.00 gift card that he used at checkout. How much more must he pay?	9
Kalinda is putting together a 360-piece jigsaw puzzle with her own mother. Kalinda can normally build 4 pieces per minute, while Kalinda's mother can build half as many pieces per minute as her. How many hours will it take for mother and daughter to complete this jigsaw puzzle?	1
A watermelon farm grew 120 young watermelons. Ashlin went to the farm after two months and found that 30% of the watermelons were ready for harvest. So she brought these watermelons home. When she returned to the farm two weeks later, The remaining 3/4 of the watermelons were ready, so she harvested them. How many watermelons are not ready for harvest after two weeks?	21
Mark purchased 12 cars for his company. Each vehicle sells for $20,000. He pays 10% auto tax and an additional $1,000 in registration fees for each vehicle. How much did he pay in total?	276,000
Kylie and Robert like to go to the beach to collect seashells. On Monday, Kylie collected five more shells than Robert collected 20. On Tuesday, Kylie collected twice as many shells as she did on Monday. How many seashells did Kylie collect? on Tuesday	50
Dax goes to a farm to pick apples and encounters other insects. There are more than half of ants in the garden. If there are 50 ants, calculate the total number of insects in the garden.	75
There were 36 penguins basking in the snow. Then one-third of the penguins jumped into the sea to swim. Meanwhile, another third of the penguins went to eat dinner in the cave. So how many penguins are left still basking?	12
Steve decided he would start eating more tomatoes and decided to grow his own cherry tomatoes. He ate twice as much as his girlfriend. He eats 6 tomatoes a day. If one tomato plant produces 3 tomatoes per week, how many plants will he need to plant?	21
John orders pizza to share with his friends. There are 20 of them, and John wants to make sure each person gets 4 slices. The pizzas are sold in 8 portions. John must order. How many trays of pizza?	10
Ram is a person who uses pens a lot. He found that he could save money by mixing ink from empty pens. Five pens into one full ink pen. If he bought 25 pens and turned them into new pens when the ink ran out, How many pens will he get?	31
Johnny takes out $20 from his allowance and adds another $10. He then invests this money, which triples in one year. So how much money does he have after one year?	90
Mary was two years younger than Joan. Joan is five years older than Jessa. If Jessa is 20 years old, how many years total are the three women?	68
In a school auditorium there are 1,000 students. The auditorium has three entrances, A, B, and C, which also serve as exits. If after a meeting 30% of students leave the building using Exit A, 3/5 of the remaining students use Exit B, and the rest use Exit C. Calculate the number of students who leave the auditorium using Exit C.	280
James has 6 more candies than Robert, and John has twice as many candies as Robert. If John has 54 candies, how many more candies does John have than James?	21
Dolly has two books. Pandora has a book. If both Dolly and Pandora read each other's books as well as their own books Ultimately, how many books will the two of them read together?	6
Mike was pen pals with 5 people, then he unfriended 2 of them. Each of the remaining men sent 2 letters per week that were 5 pages long. He responded in a friendly way. He can write one page every 6 minutes. How many hours per week will he spend writing?	3
Jason has a phone plan that gives him 1,000 minutes of calls per month. Every day he calls his boss for 15 minutes and he spends the other 300 minutes of the month calling other people. If there are 30 days in the month, how many minutes of calling will Jason have left?	250
Griffin had 24 french fries, but Kyle took 5, and Billy took twice as many as Kyle. Ginger gave Griffin a handful of her french fries. Colby then took 3 fewer french fries from Griffin than Kyle did. If Griffin ended up with 27 french fries, then Ginger gave the french fries. How many griffins did you get?	20
There were 4 snails in one tank and 32 snails in another. The difference in the number of snails in the two tanks was twice the number of fish in the two tanks. If both tanks have the same number of fish. How many fish will there be in each tank?	7
Chinese makeup artists charge $250 an hour, and she has to put on expensive makeup for the scenes in her movies. It takes 6 hours to put on makeup each day. And she has to put on makeup 4 times a week. This movie took 5 weeks to film. Makeup artists discount 10% in China due to the amount of work they do. How much does China have to pay?	27000
Isabel bought things for her little sister's birthday party. She spent $12 on cake ingredients, $43 on birthday gifts, $15 on decorations, $4 on invitations, and $22 on favor bags for guests. She divides the total cost equally among the three parents. How many dollars must each three pay?	32
A chef buys 4 bags of onions, each weighing 50 pounds. One pound of onions costs $1.50. How much did the chef spend?	300
On Monday Sue ate 4 times as many cookies as her sister. On Tuesday she ate twice as many cookies as her sister. Her sister ate 5 cookies on Monday and 13 the next day. If 1 cookie contains 200 calories, how many more calories did Sue eat than her sister?	5,600
