Janet ducks lay 16 eggs per day. She eats three eggs for breakfast every day and makes four egg muffins for friends every day. He sells the leftover duck eggs at the farmers market every day for $2 per egg. How many dollars does he earn per day at the farmers market?	18
It takes 2 reels of blue thread and half of it of white thread to make a dress. How many total reels will it take to make it?	3
Josh decides to flip a house. He purchased a house for $80,000 and repaired it for $50,000. This resulted in a 150% increase in the value of the house. How many dollars did he gain?	70000
James decides to run 3 sprints 3 times a week. He runs 60 meters per sprint. How many meters does he run in a week?	540
Wendy feeds each of her chickens three cups a day of a chicken food mix that contains grains, mealworms and vegetables to keep them healthy. He feeds the chickens three times separately. In the morning, he feeds 15 cups of food to the flock of chickens. In the afternoon, he gives the chickens another 25 cups of food. If Wendy has 20 chickens in her flock, how many cups of feed will she need to feed the chickens their last meal of the day?	20
Kyler went to the store to buy glass for his new apartment. A glass costs $5, but every second glass costs only 60% of the price. Kyler wants to buy 16 glasses. How many dollars will he have to pay for these?	64
Toulouse has twice as many sheep as Charleston. Charleston has 4 times as many sheep as Seattle. If Seattle has 20 sheep, how many total sheep do Toulouse, Charleston, and Seattle have?	260
Carla is downloading a file of 200 GB. Normally he can download as much as 2 GB/min, but after 40% download, Windows starts restarting to install updates, which takes 20 minutes. Carla then has to restart the download. How much load does it take to download the file?	160
After driving for 3 hours at 60 miles per hour, John realizes that he forgot something important at home and so he turns back. He tries to return home in 4 hours but spends the first 2 hours in traffic jams. He spent the next half-hour driving at 30 miles per hour, the remaining 4 hours he was able to drive at 80 miles per hour. How far is he from home at the end of 4 hours?	45
Elijah works at $10 per hour for the first 40 hours of work each week. He is paid 1.2 times his regular hourly rate for working overtime. If Elijah works 45 hours this week, how much does he earn this week?	460
A new program was downloaded 60 times in the first month. The number of downloads in the second month was three times the number of downloads in the first month, but then it decreased by 30% in the third month. How many total times was the program downloaded in three months?	366
Tula went to the bakery and bought a variety of pastries. She bought 3 dozen donuts for $68 a dozen, 2 dozen mini cupcakes for $80 a dozen, and 6 dozen mini cheesecakes for $55 a dozen. How much was the total cost?	694
Carlos is planting a lemon tree. The tree will cost $90 to plant. Each year there will be 7 lemons, which he can sell for $1.50 each. It costs $3 a year to water and fertilize the plant. How many years will it take him to start making money from lemon trees?	13
Melanie is a door-to-door saleswoman. He sold one-third of his vacuum cleaners to Green House, 2 more to Red House, and half of what was left to Orange House. If Melanie had 5 vacuum cleaners left, how many did she start selling with?	18
Of 20 students in a dance class, 20% are enrolled in contemporary dance, 25% in jazz dance, and the rest in hip-hop dance. So what percentage of all students are enrolled in hip-hop dance?	60
A businessman wants to choose between 2 purchase plans: $5,000 worth of jewelry or $8,000 worth of electronic gadgets. His financial advisor estimates that the jewelry market will grow by 2.5% and the electronic gadget market by 1.2% this month. If the trader wants to make the maximum profit at the end of this month by choosing one of the plans, how much can that profit be?	125
Two trains leave San Rafael at the same time. They began heading west, both traveling 80 miles. The next day, they traveled north, completing the 150-mile journey. So how much distance did each train cover in two days?	230
Jill gets paid $20 an hour to teach and $30 an hour to coach cheerleaders. If she works 50 weeks in a year, 35 hours a week as a teacher and 15 hours a week as a coach, what is her annual salary?	57500
Claire eats an omelet made with 3 eggs for breakfast every day. How many dozen eggs will he eat in 4 weeks?	7
Marissa is walking 12 miles. Out of this he took 1 hour to walk the first 4 miles and another hour to walk the next two miles. If he wants his average walking speed to be 4 miles per hour, how fast (in miles per hour) must he walk to cover the remaining distance?	6
I have 10 liters of orange drink which is two-thirds water and I want to mix it with 15 liters of pineapple drink which is three-fifths water. But while pouring it, I spill a liter of orange drink. How much water is in the remaining 24 liters?	15
Raymond and Samantha are cousins ​​of each other. Raymond was born 6 years before Samantha. Raymond had a son at the age of 23. If Samantha is 31 years old now, how many years ago was Raymond's son born?	14
Billy sells DVDs. He had 8 subscribers on Tuesday. Each of his first 3 customers buys a DVD. The next 2 customers each purchase 2 DVDs. His last 3 customers did not purchase any DVDs. How many DVDs did Billy sell on Tuesday?	7
A candle burns at a rate of 2 cm per hour. How many centimeters will a candle be shorter after burning from 1:00 PM to 5:00 PM?	8
Kyle bought last year's best-selling book for $19.50. Which was available at a discount of 25% on the original price. What was the original price of the book?	26
Marie ordered a chicken meal at $12, 5 packets of milk at $3 per packet, 4 apples at $1.50 per apple, and several boxes of pizza. Marie paid a total of $50. How many boxes of pizza did Marie order if the price per box of pizza is $8.50?	2
Mishka bought 3 pairs of shorts, 3 pairs of pants, and 3 pairs of shoes. A pair of shorts costs $16.50. A pair of pants costs $22.50 and a pair of shoes costs $42. How many dollars did Mishka spend on all the clothing items?	243
Cynthia eats one serving of ice cream every night. He purchases a 15-serving carton of ice cream at $4.00 per carton. After 60 days, what will be the amount of money he spends on ice cream?	16
Henry stopped twice during the 60-mile bike trip. He stopped for the first time after 20 miles. He stopped a second time 15 miles before the end of his trip. How many miles did he travel between the first and second stops?	25
While shopping for shoes, Gloria found a pair of boots that fit her budget. But, she has to choose between boots and two pairs of high heels that cost five dollars less than the boots together. If one pair of heels costs $33 and another costs twice as much, how many dollars do the boots cost?	104
The age ratio of Darrell and Allen is 7:11. If their combined ages are now 162 years, find Allen's age 10 years from now.	109
Gunter tries to count jelly beans in a jar. He asks his friends to guess how many jelly beans are in the jar. One said there were 80. Another said 20 more than half of the first. The third said to have 25% more than the first. What is their average estimate?	80
John takes care of 10 dogs. It takes .5 hours a day for each dog to walk and take care of their chores. How many hours a week does she spend looking after the dogs?	35
Gretchen has 110 coins. There are 30 more gold coins than silver coins. How many gold coins does Gretchen have?	70
Siobhan has 2 fewer gems than Aaron. Aaron has 5 more gems than half of Raymond's gems. If Raymond has 40 gems, how many gems does Siobhan have?	23
Mike played ping-pong for 40 minutes. He scored 4 points in the first 20 minutes. He scored 25% more points in the second 20 minutes. How many total points did he score?	9
Terry eats 2 yogurts a day. Recently 4 yogurts were on sale for a discounted price of $5.00. How many dollars does he spend on yogurt in 30 days?	75
John plans to sell all his toys and buy video games with the money. He has 13 Lego sets and sells them for $15 each. He purchases 8 video games worth $20 and still has $5 left. How many Lego sets does he still have?	2
John runs 60 miles a week. He runs 3 days per week. He ran for 3 hours on the first day and half that on the other two days. How fast does he run?	10
Dana can run four times faster than walking, but she can skip at half her running speed. If he can skip 3 miles per hour, how many miles can he cover in six hours, spending one-third time running and two-thirds time walking?	18
Brandon's iPhone is four times older than Ben's iPhone. And Ben's iPhone is twice as old as Suzy's iPhone. If Suzy's iPhone is 1 year old, how old is Brandon's iPhone?	8
Sitting atop Mount Farbo, the giant dragon Perg spews flames from its mouth at anything within 1000 feet. The only known weapon that can kill a dragon is the golden javelin, which Polly can throw up to 400 feet, but that distance is well within the reach of the dragon's flames. But when Polly holds the sapphire gem, she can throw the javelin three times as far as when she is not holding the gem. If he holds the gem, how far beyond the reach of the dragon's flames can Polly strike the dragon with the gold javelin?	200
Grandma Jones baked 5 apple pies for the firemen's lunch. She cut each pie into 8 slices and placed five pies on the buffet table for guests to serve themselves. At the end of the evening, after the guests had finished taking and eating their slices of pie, 14 pieces of pie remained. How many pieces did the guests take?	26
According to the Nutrition Facts, one bag of chips contains 250 calories per serving. If a 300 gram bag contains 5 servings, and your daily calorie target is 2000 and you already consume 1800 calories, how many grams of chips can you eat?	48
Charlie wants to sell candles. With each pound of wax, he can make 10 tapered candles. A pound of wax and polish costs $10.00 to buy. If he sells each candle for $2.00, what is his total profit from making and selling 20 candles?	20
Meredith is a freelance blogger who writes about health and submits to clients as a regular job. It takes an average of 4 hours to research and write a blog article. Last week, he wrote 5 articles on Monday and wrote 2/5 times more articles on Tuesday than on Monday. On Wednesday, he wrote twice as much as on Tuesday. Calculate the total time he spent writing the article in three days.	104
Candice puts 80 post-it notes in her purse before leaving for work at the coffee shop. On his way, he stopped at the store and bought a packet of post-it notes; At work, he put a Post-it note on each of 220 different coffee cups. If he has a total of 23 post-it notes left, how many post-it notes were in the packet he bought?	163
John bought twice as many red ties as blue ties. A red tie costs 50% more than a blue tie. He spent $200 to purchase blue ties at $40 each. How much did he spend on the tie?	800
Tracy used a 4-foot length of wire to support the tomato plants in the garden. The wire was cut into 6 inch long pieces. How many pieces did he get?	8
Richard lives in a 15th floor apartment building. Each floor has 8 units, and occupies 3/4 of the building. What is the total number of unoccupied units in the building?	30
Lloyd owns an egg farm. His chickens lay 252 eggs per day and he sells them for $2 per dozen. How much does he earn from eggs every week?	294
Tom's ship can travel 10 miles per hour. He sails from 1 pm to 4 pm. Then he returns at 6 mph. How long does it take for him to come back?	5
Yura's book bag is getting too heavy for her. From this 15 pounds he has to remove. Each of his comic books weighs 1/4 pound and each of his toys weighs 1/2 pound. If he gives out 30 comic books, how many more toys does he have to give out?	15
A mechanic charges different rates for repairing truck and car tires. For each truck tire repaired, the mechanic charges $60 and for each car tire repaired, the mechanic charges $40. On Thursday, the mechanic repaired 6 truck tires and 4 car tires. On Friday, the mechanic repaired 12 car tires and no truck tires. How much more did the mechanic earn on the day he earned more than on other days?	40
The Doubtfire sisters were returning home from adopting 7 kittens from a local animal shelter when their mother called to inform them that two of their house cats had just had kittens. She said that of the adopted kittens, the first cat, Patchy, had three times the number of kittens, while another cat, Trixie, had 12. How many kittens are currently in the Doubtfire family?	40
Jean has 30 lollipops. Jean ate 2 lollipops. With the remaining lollipops, Jean wants to stuff 2 lollipops into a bag. How many bags can Jean fill?	14
Peter plans to go to the movies this week. He always buys $7 tickets and $7 popcorn. If he has $42 this week, how many times can he go to the movies?	3
A wooden bridge cannot carry more than 5000 lbs. A delivery truck loaded with identical 15-pound boxes will cross over that bridge. The combined weight of the driver and empty truck is 3755 lbs. What is the maximum number of boxes that can be loaded on the truck without exceeding the weight limit of the bridge?	83
Stephen ordered groceries online. His final bill amounted to $40.00. Since it was done through a supplier vendor, they added a 25% fee on his total bill and a $3.00 delivery fee. Stephen also left a $4.00 tip. What was Stephen's final price for groceries, including extra fees?	57
A single raspberry bush has 6 clusters of 20 each and 67 individual fruits scattered throughout the bush. How many raspberries are there in total?	187
Out of 25 oranges in a basket, 1 orange is bad, 20% are raw, 2 are sour and the rest are good. How many oranges are good?	17
Janet bought a brooch for her daughter. He paid $500 for the materials to build it and another $800 to Jahuri to build it. He then pays 10% to insure it. How much did he pay?	1430
If Marcy works for the same company for 40 years, she will receive an annual pension of $50,000/year. Starting after 20 years, he becomes eligible for 5% of the pension value every year. What will be his annual pension if he quits after 30 years?	25000
Elena subscribed to a streaming service that cost her $140 a month. If the streaming company took an initial payment from him in the first half of the year and charged him 10% less in the second half of the year, calculate the total amount he paid the streaming service at the end of the year.	1596
Sophia is thinking of taking a road trip in her car, and she wants to know how far she can drive on one tank of gas. He traveled 100 miles since he last filled the tank, and he had to fill 4 gallons of gas to refill the tank. According to his car's owner's manual, the tank holds 12 gallons of gas. How many miles can Sofia drive on one tank of gas?	300
Jim spends 2 hours watching TV and then decides to go to bed and read a book for half the time. He does this 3 times a week. So how much time does he spend watching TV and reading books in 4 weeks?	36
Four schools are competing in a basketball tournament. Each school sent one girls and one boys basketball team and each team consisted of 5 players. Each school also sent one coach for each team. In all, how many people did all the schools send?	48
A treasure hunter finds a treasure chest full of gems. There were 175 diamonds, 35 fewer rubies than diamonds, and twice as many emeralds as rubies. How many gems were there in Sindhu?	595
Dr. Wertz's school has twice as many boys as girls. If there are 60 girls and 5 students for every teacher, how many teachers are there?	36
Bailey starts with a certain amount of money. He then receives a weekly allowance of $5 for 8 weeks. At the end of week 8, if he has a total of $100, how much money did Bailey start with?	60
Judy takes 5 dance classes every day of the week and 8 on Saturdays. If there are 15 students per class and he charges $15.00 per student, how much money does he make in 1 week?	7425
Kellyan has two recipes for cooking, one with 20 instructions and the other with twice as many instructions as the first. How many instructions does Kellyanne have to read to make two types of food?	60
Tommy is collecting donations by selling brownies for $3 a piece and cheesecakes for $4 a piece to donate. If Tommy sold 43 brownies and 23 pieces of cheesecake, how much money did Tommy collect?	221
Sheila purchased five cell phones in a 3 month installment at $150 per cell phone. Interest will be charged at 2% on each. Then how much money will Sheila have to pay each month for 3 months?	255
Artie owns a flower shop at the farmers market. She sells three types of flowers: marigolds, petunias and begonias. He typically sells marigolds for $2.74 per tub, petunias for $1.87 per tub and begonias for $2.12 per tub. Artie has no retail today, so he decides to accept all prices to the nearest whole dollar. If Artie sells 12 tubs of marigolds, 9 tubs of petunias, and 17 tubs of begonias, how much money will he make?	88
Luke spends time building sandcastles on the beach. Gradually he noticed that each floor of the sandcastle would measure half the square footage of the floor below it. If he builds a 4-story sandcastle whose top floor is 16 square feet, what is the average square feet of a floor?	60
Cecilia bought a new puppy. According to his vet, the puppy should be fed 1 cup of dog food per day for the first 180 days. From then on the puppy should be fed 2 cups of dog food for life. If a bag contains 110 cups of dog food, how many bags of dog food will Cecilia need in the first year?	5
If Raymond does half as much laundry as Sarah, and Sarah does 4 times as much laundry as David, calculate the difference in the amount of laundry done by Raymond and David if Sarah does 400 pounds of laundry.	100
Vincent can purchase 3 packages for $2.50 or 2 flowers for $1. How much money will he save if he buys 18 flowers at the better price?	6
John adopted a dog. He took the dog to the groomer, which cost him $100. The groomer offered him a 30% discount for becoming a new customer. How much does grooming cost?	70
Two girls each got 1/6 of 24 liters of water. Then a boy got 6 liters of water. How much water will remain?	10
Charlie had 10 stickers. He bought 21 stickers from a store in the mall and received 23 stickers on his birthday. Charlie then gave his sister 9 stickers and used 28 stickers to decorate a greeting card. How many stickers will Charlie have left?	17
Grace weighs 125 pounds. Alex's weight is 2 pounds less than 4 times Grace's weight. How many pounds do they both weigh together?	623
Dan planted 3 rose bushes. Each rose plant has 25 roses. Each rose has 8 thorns. How many forks are there in total?	600
A football team plays 22 games. They won 8 more games than they lost. How many games did they win in total?	15
Jean is sewing a mattress with her old souvenir t-shirt. He has a shirt for every vacation. Each shirt has its own quilt block. Each row is made up of a different year's holiday block. He travels four times a year and has been traveling since he was 23 years old. He is currently 34 years old. How many quilt blocks does she have in total?	44
Greg has an alarm set for the market three times a day as a reminder. It went off until Greg turned the alarm off, it went off four times the first time it went off today. The second time it rang it rang three times longer than the first time. On the third time, it rang half the time of the second time. How many times did the alarm go off in total?	22
A company pays each of its employees $600 a month. According to the company's salary increase policy, those who have been with the company for five years are given a 10% increase in starting salary every year. If Sylvie has just completed 5 years with the company last December, what will be her annual salary after three more years of service?	9360
Marilyn's first record sold 10 times more than Harold's copies. If they sold 88,000 copies together, how many copies did Harold sell?	8000
Christina is planning a birthday party and needs .75 gift bags for each guest invited, because 1/4 of the attendees did not show up. He invited 16 friends. Each gift bag costs $2. How much money will he spend?	24
A T-Rex dinosaur named Ted planned to bring potato salad for a picnic. He knows that an adult dinosaur will eat 10 pounds of potato salad and a baby will eat half as much as an adult. If there are 20 adults and 5 children at the picnic, how many pounds of potato salad does Ted need to bring to the picnic to feed enough for everyone?	225
Jan has three times as many pets as Marcia. Marcia has two more pets than Cindy. If Cindy has four pets, how many pets do the three have?	28
Emily has 4 children, Amy, Jackson, Corey, and James. Amy is 5 years older than Jackson and 2 years younger than Corey. If James is 10 years old and he is 1 year younger than Corey, how old is Jackson?	4
Lee is able to run the 400-meter hurdles two seconds faster than the time it takes Gerald to run the 400-meter hurdles. But Gerald changed his diet, resulting in a 10% improvement in his speed. If Lee runs the 400-meter hurdles in 38 seconds, in how many seconds can Gerald run the 400-meter hurdles by eating the improved diet?	36
In one neighborhood, the number of pet rabbits is twelve fewer than the number of pet dogs and cats combined. If there are two cats for every dog, and the number of dogs is 60, how many pets are there in the neighborhood?	348
Out of 200 Grade 5 students, Girl Scouts are 2/5 boys and 2/3 girls. How many girls are not in Girl Scouts?	40
Harry slept 9 hours last night. His friend James slept only 2/3 as much as Harry did. How many more hours did Harry sleep than James?	3
When Freda makes the sauce with diced tomatoes, they are halved. There are three tomatoes in every 16 ounces of canned tomatoes he uses. Freda made 32 ounces of sauce with last batch of tomatoes. How many tomatoes did Freda use?	12
Cars are lined up on the motorway. A few cars crossed in the first 15 minutes of the traffic jam, then another 20 cars crossed in the remaining 15 minutes of the traffic jam. 5 cars left the line to avoid going through the traffic. If there were 30 cars on the motorway initially, how many cars passed through the traffic in the first 15 minutes?	5
Mary is an avid gardener. Yesterday, he received 18 tubs of new seedlings from his favorite plant nursery. He already has 2 tubs of plants on each of the 40 window sills of his sprawling home. Feeling generous, he decided to give 1 tub of plants from each window sill to friends and family members tomorrow. How many tubs of seedlings will Mary have left?	58
Jerome had 4 friends who visited him on a particular day. His first friend rang the doorbell 20 times before Jerome opened the door, the second friend rang the doorbell 1/4 times as often as Jerome's first friend. The third friend rang the doorbell 10 times more than the fourth friend. If the fourth friend rang the doorbell 60 times, how many times did the doorbell ring in total?	175
Solo had to read 4 pages from his science textbook, 20 pages from his social studies textbook, 7 pages from his history textbook, and 8 pages from his geography textbook. Solo read 15 pages on Monday. If he gets 4 more days to complete his reading, how many pages will he read on average in a day?	6
John likes to drink a glass of water at breakfast, lunch and dinner. Finally, he drinks a glass of water before going to bed. John does this every day of the week but at the end of the week he prefers to rest and drink soda instead of water at dinner. How many glasses of water does John drink a week?	26
Thick fog rises over the ocean to cover a city. It takes 10 minutes to cover every 3 miles of the city. If the city extends 42 miles from the ocean border to the opposite land-border, how many minutes will it take for the entire city to be covered in thick fog?	140
Poppy is solving a 1000-piece jigsaw puzzle. He placed a quarter of the pieces on the board, then his mother placed a third of the remaining pieces. How many pieces of the jigsaw puzzle are left?	500
Cody eats three times as many cookies as Amir does. If Amir ate 5 cookies, how many cookies did both of them eat together?	20
John has 3 boxes. Each box measures 5 inches by 6 inches by 4 inches. The walls of the boxes are 1 inch thick. What is the total volume inside the 3 boxes?	72
Frankie watches TV every night after finishing homework. Every Monday and Tuesday night, she watched a 1-hour episode of her favorite show. On Wednesday, she watched a few episodes of the 30-minute show. On Thursday, she finished homework early and watched a 1-hour episode and a 30-minute show. On Friday, he watched two 1-hour episodes so he could stay up late on a weekend day. If he watched 7 hours of TV in total, how many 30-minute episodes did he watch on Wednesday?	3
Henry is making cookies for a local baking contest. He wants to make double what he made last year. When she finishes baking, she realizes that she actually baked 15 more cookies than she intended. 5 cookies fall out when she puts them out to cool, and now has a total of 110 cookies. How many cookies did Henry make last year?	50
A local gas station sells gas for $3.00 a gallon. A gas company gives you $.20 cashback per gallon of gas if you fill up at this gas station. If someone buys 10 gallons of gas, after getting cashback, how much will their gas cost?	28
Marcel and Beatriz are having a competition to see who can eat the most fruit roll-ups, so they unroll as many as they can. Unfortunately, someone made a mistake and Beatriz ended up being two roll-ups wide and 24 roll-ups long while Marcel's was 3 roll-ups wide and 14 roll-ups long. If they both ate all their share, how many did they eat on average?	45
While on the lake, Julia's boat gets a hole. Returning to the shore, the boat was getting two liters of water for every ten feet covered. It took him sixteen seconds to go twenty feet. Arrow was 64 seconds away. How much water was in the boat when Julia reached the shore?	16
One of the classrooms has a white-board which is used by 4 teachers who take turns when taking the class. Each teacher teaches 2 chapters per day and uses the white-board for each chapter. If the white-board is wiped 3 times for each chapter, how many times the white-board is wiped in a day?	24
Ryan planted 2 flowers in his garden in one day. After 15 days, how many flowers will there be in total if 5 have not grown?	25
Jamal's phone holds 6 times more photos than Brittany's phone. The maximum number of photos taken on Brittany's phone is 50 times the total number of birds in Jamal's photos of ducks at the zoo. If Jamal's phone holds 1800 pictures, how many ducks can be seen in Jamal's picture of ducks at the zoo?	6
After purchasing some wood planks, Sasha notices that the price of wood planks has increased by 50% in the past few months. Since he has some left over, he decides to sell them. He has ten remaining 2 x 4 x 10 boards that cost him $10 each. He also has five 4 x 4 x 10 boards that he purchased for $16 each. If he sells them all, how much profit will he make?	90
Katie makes coffee with 7:13 teaspoons of sugar and cupfuls of water. If he makes coffee with a total of 120 teaspoons of sugar and cups of water, calculate how many teaspoons of sugar he used.	42
John bought 2 pairs of shoes for each of his 3 children. Each costs $60. How much did he pay in total?	360
A customs officer at the main port of SeaSide clearance counted 2 imported containers, each containing 5 cars. The next day, more containers were brought in, and the total number of vehicles at the port increased to 30. Assuming all containers can hold 5 cars each, calculate the number of containers imported on the second day.	4
Adrian's gross salary was 30 percent higher than Layla's. Four years later, his salary increased, and he was earning 40% more than what he was earning four years earlier. If Adrian's and Layla's salaries increase simultaneously, and Adrian earned $40,000 four years ago, calculate their total salary four years later?	95200
Miguel uses 2 pads of paper a week for his drawings. If a pad of paper has 30 pages, how many pages does he use per month?	240
Morissette and Kyle were told to bring fruit. Morissette brought 5 apples and 8 oranges, while Kyle brought twice as many apples and half as many oranges as Morissette. How many fruits do both of them have?	27
Sadie slept 8 hours on Monday. Each day for the next two days, he slept 2 hours less because he had to finish some assignments. If he slept 1 hour more during the rest of the week than on those two days, how many total hours did he sleep during the week?	48
Rosie can run at 10 miles per hour for 3 hours. Then, he runs at 5 miles per hour. How many miles can he run in 7 hours?	50
Jenny is helping her mother in the office. He has 60 stacks of letters that need to be stamped, and one stack is already stamped. He stamped about one-third of the letters that required stamping. If the stack of letters already stamped now contains 30 letters, how many letters were in the stack when Jenny started?	10
Julia was preparing for a dinner party at her house, where she wanted to serve stew. He noticed that the plastic spoons had run out, so he bought a new packet of spoons. Later, her husband also bought a packet of 5 new spoons and gave them to Julia. When Julia was making the stew, she used three spoons to taste the stew. Later, when he was setting the table, he had a total of 12 spoons. How many spoons were in the packet that Julia bought?	10
Dylan needed chicken sausage and fish sausage to make sausage buns for an event. He bought 38 chicken sausages and 6 more fish sausages than chicken sausages. How many sausages did Dylan buy in all?	82
After transferring to a new school, Amy has 20 more friends than Lily. If Lily has 50 friends, how many friends do Lily and Amy have together?	120
Wale's mother sells watermelons, peppers, and oranges at a local store. A watermelon costs three times the price of each pepper. An orange costs 5$ less than a watermelon. Dillon is sent to the store to buy 4 watermelons, 20 peppers, and 10 oranges. If each pepper costs 15$, how much money will he spend in total?	880
A hospital sees 500 patients a day. Each patient is seen for an average of 24 minutes. Doctors charge hospitals $150 per hour and hospitals charge patients $200 per hour. How much does the hospital make from these visits?	10000
Nisha hires 60 temporary workers to play the roles of elves in her department store's Santa Village. A third of the elves leave after the kids vomit on them, then the remaining 10 elves leave for the kids to stomp on their feet. How many elves are left?	30
Joseph's expenses for May were $500. In June, his expenses were $60 less. What was his total cost in those two months?	940
Pam and Fred went to a carnival. Pam rode the roller coaster 2 times while Fred rode it 4 times. Then, they decide to ride the luge twice each. If it costs 6 tickets each to ride the ride, how many tickets did they use that day?	60
On Monday, Walt walked 4 miles. On Tuesday, he walked 6 times more than on Monday. The total distance he walked from Monday to Wednesday was 41 miles. How many miles did he walk on Wednesday?	13
Tom washes the car 4 times in a month. If it costs $15 each time to wash the car, how much does he pay in a year?	720
Brian's friend Bobby has 5 fewer video games than 3 times Brian. If Brian has 20 videogames but loses 5 just before comparison, how many videogames does Bobby have?	40
There are only 27 unicorns left in the world. A third of them live in the Scottish Highlands. Two thirds of Scottish unicorns are female. How many female Scottish unicorns are there in total?	6
Rory orders 2 subs for $7.50, 2 bags of chips for $1.50, and 2 cookies for $1.00 to be delivered. A 20% delivery fee is added at check out and she wants to tip $5.00. How much will his delivery order cost?	29
Mark took a test yesterday that had 75 questions. He completed the test at a rate of 5 questions per hour. Today, he gave another test of 100 questions at the same rate. If Mark completed the first test in 8 hours and the second test in 6 hours, how many questions did he leave incomplete?	105
In a candy machine, there are 22 more pink gumballs than four times as many blue gumballs. If there are 12 blue gumballs, how many pink gumballs are there?	70
Out of the 20 cars available on rent, 12 are automatic cars, 4 are manual cars, and the rest are semi-automatic cars. What percentage of cars are semi-automatic?	20
There are 700 bees in a hive. There are twice as many worker bees as baby bees, and twice as many baby bees as queen bees. How many worker bees are there?	400
Jordan plays video games for 2 hours a day. He also works a part-time job from which he earns $10 an hour. If Jordan spends his time at work instead of playing video games, how much money can he make in a week?	140
John buys milk for $2, eggs for $3, light bulbs for $3, cups for $3, and a trap for $4. If there is a 10% tax on non-food items, how much did all the items cost together?	16
Kim has started her own housekeeping business and is calculating how much profit she will make from her customers. He already has 3 customers, but now he is talking to 5 other potential customers and feels confident enough to include them in his account. Each customer will need 2 bottles of bleach and a packet of cloth to clean their home. Each bottle of bleach costs $2 and each cloth packet costs $5. These are his only expenses. He calculates that he will earn a total of $92 per week. Profit is the difference between total revenue and total cost, how many dollars will Lucas earn per week?	20
John has a pineapple farm of 10 hectares. 100 pineapples per hectare. John picks pineapples every 3 months. How many pineapples does John grow in a year?	4000
Johnny is picking up toys on the floor of his room. He piled a 500-piece Lego box set on the floor, and another had 3 times as many pieces as a 500-piece box, and another had 1/4 the pieces. If Johnny picked up all the Legos, how many blocks did he pick up?	2,125
Debra is observing how many bees come and go in a hive in a day. He saw 30 bees leave the chalk in the first 6 hours, he saw 1/2 that number return in the next 6 hours. He saw twice as many bees fly out of the hive over the next 6 hours as he did the first time. Then every bee that had previously left the hive and not returned returned to the hive in the next 6 hours. How many bees did Debra see returning to the hive in the last 6 hours of the day?	75
Brittany and her mother went to the museum. Admission is $12 for adults and $10 for children. Brittany's mother pays the cashier for 1 child and 1 adult ticket. If he got $8 back, how many dollars did he give to the cashier?	30
Charlie has three times more Facebook friends than Dorothy. James has four times more Facebook friends than Dorothy. If Charlie has 12 Facebook friends, how many Facebook friends does James have?	16
Steve and Tim decide to see who can get home from school the fastest. Steve lives further away from Tim, so he is allowed to ride his bike. Steve lives 3 miles from school and can ride a bike at 440 feet per minute. The team lives 2 miles from the school. If Tim can ride his skateboard at a speed of 264 feet per minute, how long does the winner have to wait at his house before the loser finishes the competition?	4
Shonda decided that her neighborhood kids could actually use the bicycle inflation service. He decided that the best way to set prices was to do it by tier. Each tire costs 25 cents to inflate. On the first day, 5 persons came on bicycles to inflate both the tyres. 3 persons came and inflated all the tires of their tricycle. Finally, a man arrived on a unicycle. How many dollars did he earn that day?	5
Carl bought ten packets of cookies. Each packet of cookies contains six cookies. Each cookie costs $0.10. How much will Carl get back if he pays with a $10 note?	4
Dave bought a large packet of French-fries and ate fourteen before a hungry seagull stole the packet from his hands. When the seagull landed, it swallowed half of what Dave had eaten. Then the three pigeons chased him away from the food, and each pigeon ate three fries. Later, a raccoon stole two thirds of the remaining fry. Leaving five, the last French-fry was taken to Ant. How many french fries were in the packet when Dave bought it?	48
College student chemo has three 1-hour classes every Monday, Wednesday, and Friday. Every Tuesday and Thursday, she has two 2-hour classes. A semester consists of 16 weeks of school. In a semester, how many hours does Kimo have to spend in class?	272
Bill bakes 300 rolls, 120 chocolate croissants, 60 baguettes a day. Each roll is 4 inches long, each cross is 6 inches long, and each baguette is two feet long. If Bill puts all the baked goods from beginning to end, how many feet long will they be?	280
The zoo keeper feeds all the monkey species in the zoo. He orders bananas from a local farm every 2 months. If monkeys need 200 bananas, gorillas 400 bananas and baboons 100 bananas per month, how many bananas should he order to last 2 months?	1400
Blake and Kelly are having a competition to see who can run the furthest in 15 minutes. They decided to do it on a 100 yard long football field. Blake ran and returned 15 times. Kelly ran back once, and then decided he didn't want to run next to Blake, so he started running to the 40 yard line and back. He did it 34 times. How much more did the winner run than the loser?	80
Did Rafael go to buy some things for school? He bought 4 pens that cost $1.5 each, 2 notebooks that cost $4 each, and one ream of bond paper that cost $20. How much did everything cost Raphael?	34
Finn sees 11 frogs swimming in the pond. Suddenly he saw 6 of them coming out from behind a lily leaf, then he saw 2 of them hiding under a rock. How many frogs can Finn see in the pond now?	15
The depth of water in one tank was 17 feet on Monday. On Tuesday, the tank had another 7 feet of water. On Wednesday, the water depth was two-thirds of what it was on Tuesday. What is the depth of water in the tank on Wednesday?	16
Anakin and Locksin went to the beach today. Anakin caught 10 starfish, 6 indus ghotak, 3 clownfish. Whereas Locksin caught 5 less starfish, 3 less Sindhu ghotak, and 2 more clownfish than Anakin. How many fish were they able to catch?	32
If a bag of marbles costs $20 and increases by 20% of the original price every two months, how much will a bag of marbles cost after 36 months?	92
In a room, there are a variety of toys: 5 red cars, 3 action figures, and a doll. The doll costs the same as 3 action figures and a red car costs $4. If an action figure costs $5, what is the cost of all the toys?	50
Jackie is trying to decide whether to do her taxes herself or hire an accountant. If he pays the taxes himself, he can cut 3 hours of freelance work, losing $35/hour in earnings. The accountant receives $90. How much more money will he have if he hires the accountant?	15
On her 30th birthday, Elvira chose a new computer with many accessories as a gift. His budget is €1500 which his entire family has given him and thinks he will be able to save some money to buy a dress. He goes to a computer store and buys a machine with a screen, keyboard and mouse for €1090. He also buys a scanner for €157, a CD burner for €74 and a printer for €102. How much money will he have to buy clothes?	77
Sandra's neighbor gives her a basket of 9 eggs each time to take care of their daughter. To make a Spanish flan, he needs 3 eggs. If Sandra is tasked with making 15 Spanish flans for her school fundraiser, how many times will Sandra have to babysit?	5
Seth is twice Brooke's age. In 2 years, the sum of their ages will be 28. How old is Seth?	16
Jimmy has $2 more than double Ethel. If Ethel has $8, how much money does Jimmy have?	18
Pancho walks 20 miles a day. He walks 10 miles except on weekends. How many miles does he walk in a week?	120
The marching band ordered new uniforms. Each uniform has a hat that costs $25, a jacket that costs three times as much as the hat, and the average cost of the hat and jacket is the same as the pants. What is the total cost per uniform?	150
Jake walks through the entomology museum. He observes 80 spiders with 8 legs, 90 moths with 6 legs, and 3 rare mutant invertebrates with 10 legs. How many legs did Jake see in total?	1210
There are four birds in the caboose. Sally is three years older than Granny Red. Granny Red is twice as old as Sally Four. If Sally Four is the same age as Sally Thirty Two, and Sally Thirty Two is 8 years old, what is the total age of the four birds?	51
Figuring out how much Jessica needs to pay each month on all her debts. He has to pay a minimum of $300/month on student loans, a minimum of $200/month on credit cards, and a minimum of $500/month on mortgages. If Jessica wants to pay 50% more than the minimum amount, how much will she pay in one year?	18000
Billy is peeling and cutting potatoes for his big family reunion barbecue. It's a big event, so he'll need 60 potatoes, the potatoes are roughly the same size, so each takes roughly the same amount of time to peel and cut. It takes Billy about a minute and a half to peel and cut a potato, but only 5 seconds to cut it. How long will it take Billy to prepare the potatoes?	95
Juan and his brother Carlos are selling lemonade. It costs them $3 for lemons and $2 for sugar per gallon to make. They sell for $0.50 per glass and make 20 glasses per gallon. If they made a profit of $25, how much did they spend on the lemons?	15
Of the 240 Asians in a race, 80 were Japanese, and the rest were Chinese. If there are 60 boys in the Chinese team, how many girls were there in the Chinese team?	100
Jade spends 1/4 of her salary on rent, 1/3 on fuel and donates the remaining half to her favorite charity. He gives $200 to his daughter for weekly expenses, and $700 to his wife to budget for groceries and household items. If J earns $6000 per month, how much money will he still have after all expenses and donations?	350
Queen has ten more crabs than Monique, Monique has 4 fewer crabs than Bo. If Bo has 40 crabs, calculate the total number of crabs the three people have together.	122
Lloyd earns $10 an hour teaching math. He taught 5 hours in the first week and 8 hours in the second week. How much did he earn in the first two weeks?	130
Sarai's school has two candidates running for class representative. If the winner gets 3/4 of the votes and the total number of students who voted in the class is 80, calculate the number of votes the loser got.	20
Sandra, the florist at the intersection, is very upset with Fred for not completing the delivery order. Sandra ordered four times as many red roses as white carnations. He also ordered 200 pink calla lilies, five times the number of white carnations. Sandra threatens to change suppliers if the missing red roses are not delivered by 5pm. To keep Sandra's business, how many red roses must Fred deliver by 5 pm?	160
Jean is two years older than Mark. Two years ago Mark was 5 years older than half Jan's age. If Jan is 30 years old, how old is Jean?	23
Two track teams compete against each other in a 4 by 400 meter relay; In a competition where each competing team has four members who each run 400 meters, or a puck, around a standard track. One of the two teams is very good all around and each of their members will run 400 meters in exactly 55 seconds. The other group is all around less good; Their first runner will run their 400 meters in 60 seconds, then the next runner will run 3 seconds faster than the previous runner. According to this information, in how many seconds will the fastest team win?	2
Jerry rolls a six-sided ball. How much more likely is he to roll a number greater than 3 than to roll two consecutive even numbers (express as a percentage)?	25
Jenna and her mother picked some apples from their apple orchard. Jenna picked half as many apples as her mother. If his mother picked 20 apples, how many apples did they both pick?	30
Russell works at a pet store and distributes hay to rodents. Rats are divided into equal groups in 3 cages and each rat is given 6 pieces of hay. Hamsters are housed individually in 10 cages and each hamster is fed 5 pieces of hay. There is also a rabbit hutch where 20 pieces of hay are distributed among the rabbits. Straws are not used anywhere else in the store. If 160 pieces of hay are distributed among the rodents, how many rats are there per cage?	5
Mandy borrows $100 from Benedict. They agreed on 2% monthly interest. If Mandy is able to pay it off after 3 months, how much will she have to pay Benedict?	106
A businessman buys some sacks of wheat from a farmer at $20 per sack. If each sack cost $2 to transport from the field to the warehouse, and the merchant sold each sack at $30 for a total profit of $400, how many sacks did he sell?	50
Three friends spent $20.25 for 3 tickets to go to the fair. They spent $4.50 less on food than on tickets. They also rode 2 different rides that cost $33 each. If they each agreed to share all the costs equally, how much did they each have to pay?	34
John collects pitches for 3 hours. He can collect 2 pitches in a minute. How many pitches does he collect?	360
Ducks need to eat 3.5 pounds of insects per week to survive. If there are ten ducks in a flock, how many pounds of insects do they need per day?	5
Tom planted 10 trees in a year. He also cut down 2 trees every year. He started with 50 plants. 30% of trees die after 10 years. How many more trees does he have left?	91
Sue lives in a fun neighborhood. One weekend, the neighbors decided to have fun with Sue. On Friday morning, neighbors placed 18 pink plastic flamingos in Sue's front yard. On Saturday morning, the neighbors took back a third of the flamingos, painted them white, and placed the newly painted white flamingos in Sue's yard. Then, on Sunday morning, they added 18 more pink plastic flamingos from their collection. On Sunday afternoon, how many more pink plastic flamingos were there than white plastic flamingos?	24
Violeta wants to buy new crayons. He needed them in 5 different colors and raised $20 to buy them. A crayon costs $2. How much money will he get back?	10
A pen costs as much as a pencil and eraser together. A pencil costs $1.20 and an eraser costs $0.30. How much will 8 pens cost?	12
200 pounds of carrots are distributed to 40 restaurants in a certain city. Each restaurant accepts 2 pounds of carrots. How many pounds of carrots will be used?	120
In the city of Soda, exactly 23786 inhabitants live. It includes 8417 males and 9092 females. The rest of the population consists of children. How many children have soda?	6277
Ellen initially had 20 Pokemon cards. A month later, he collected three times that number. In the second month, he collected 20 fewer cards than he had collected in the first month. In the third month, he collected twice the number of Pokemon cards he collected in the first and second months combined. How many Pokemon cards does he have now?	320
Mark is a copy-editor. Each week he edits an equal number of sentences for two different publishers, who pay him a separate price per sentence. Publisher B paid Mark twice what Publisher A paid. Mark edits a total of 1000 sentences per week, and Publisher A pays him 5 cents per sentence. How many cents does Mark earn in a week?	7500
Baldur drew water from a well. He lifts 5 buckets of water every morning and 6 buckets every afternoon. If each bucket holds 5 liters of water, how many liters of water does he lift every day?	55
John won an award at work. It includes a 1-time monetary award of $5000 and a 5% salary increase. If he gets 2000 in a week, every week of the year and he gets the prize on the first day of the year, how much money did he get in that year?	114,200
Josie grows grapes on his 10-acre farm. 5 tons of grapes are produced per acre per year, and 2 barrels of wine are made from each ton of grapes. How many barrels of wine are produced from his farm each year?	100
Carl's favorite food is cheese. He ate a sandwich for lunch each day this week and used 2 slices of cheese per sandwich. He ate cheese and egg omelets for breakfast 3 days a week, with one more slice per omelet than he served per sandwich. For several dinners a week she made more than one meal of macaroni and cheese with 8 slices of cheese. How many slices of cheese did he use?	31
Janet has 22 green pens and 10 yellow pens. Then he bought 6 bags of blue pens and 2 bags of red pens. Each blue pen bag had 9 pens and each red pen bag had 6 pens. How many pens does Janet have now?	98
Brinley is in Mr. Burt's math class. Mr. Burt takes six tests each semester. He allows students to subtract the lowest score from each semester's average. If Brinley gets 89, 71, 92, 100 and 86 in the first five tests, how much must he score to get an average of 93 in the sixth test?	98
Michael loves to ride bikes. He runs it at least 5 times in a week and runs 25 km each time. He did this for four weeks, and then he decided, in a week he would ride only 2 times, but 60 km each time, and he did it for 3 weeks. How many kilometers did Michael drive in total?	860
Joe's Halloween Candy Bag contains 25 chocolate bars and 80 candied apples. Each chocolate bar weighs twice as much as each candied apple. If each chocolate bar weighs 40 grams, how many grams will Joe's bag of candy weigh?	2600
Rose went to the store on Monday and bought 4 cakes. On Tuesday she went to another shop and bought three times as many cakes as she bought the previous day. On Wednesday he went to another shop and bought 5 times more cakes than he bought on Tuesday. How many cakes did he buy in those three days?	76
Twenty dozen cups cost $1200 less than the total cost of half a dozen plates at $6000 each plate. Find the value of each cup.	145
Sara wants to buy herself a new jacket and 2 pairs of shoes. The jacket she wants to buy costs $30 and each pair of shoes costs $20. Sara babysits the neighbor's kids 4 times earning her $5 each time. His parents paid him $4 each time to mow the lawn. If Sarah already has $10 saved up before she starts babysitting, how many times will she have to mow the lawn to buy a jacket and shoes?	10
Jerry has a flock of chickens. Red hens lay 3 eggs a day and white hens 5 eggs a day. Jerry collects 42 per day. If he has two more white chickens than red chickens, how many red chickens does he have?	4
Gary likes to walk along the boundary of the local park, which is a rectangular field 1.5 miles wide and 6 miles long. If he walks at 3 miles per hour, how many hours does he walk?	5
At a dollar store, Sloane observed that 100 customers had entered the store. The next day, he noticed that 50 more customers had logged in than on the first day. If the total number of customers till the third day is 500, how many customers entered on the third day as per his count?	250
Jerry has two reservoirs, both with holes that release 4 gallons of water per minute. 4 minutes ago, the larger reservoir contained twice as much water as the smaller reservoir. Now, the big reservoir holds four times more water than the small reservoir. So how much water does the small reservoir currently hold?	8
Lori wants to buy a pair of shoes costing $320.00 and a matching belt costing $32.00. His part-time job earns $8.00 an hour. So how many hours does he have to work to buy those things?	44
Zenith borrowed $2000 and promised to pay back 10% of that amount plus additional money. If he pays $165 per month for 12 months, how much will Zenith still have to pay?	220
There are 4 roses in the vase. There are 7 dahlias more than the number of roses in the vase. How many flowers are there in that vase?	15
Adrian is three times Harriet's age, and Harriet is half Jack's age. If Harriet's age is 21 now, find the average of the three people's ages three years from now.	45
Four students scored a total of 251 points in a board game. Naomi scored 68 points. Yuri scored 10 more points than Naomi scored and Briana scored 17 points more than Naomi scored. How many points did Jojo get?	54
Carmen takes 10 minutes to solve a crossword puzzle and 5 minutes to solve a Sudoku puzzle. Over the weekend, she solved 3 crosswords and 8 Sudoku puzzles. How much time did he spend on these games?	70
A water tank holds 120 liters of water. Celine used 90 liters of water from that tank to water her small garden. Then he collected rainwater which was twice the amount of water in the tank. How many liters of water is currently in the tank?	90
Andy planted 90 geraniums and 40 fewer petunias than geraniums. How many flowers did he plant in total?	140
A company spends $15,000 a year on advertising, and then spends one-third of that amount on advertising in another year. How much did the company spend on advertising in total over the two years?	20000
Carlos and Benji are at the beach. Carlos rents a dinghy for $30 an hour and Benji rents a banana boat raft for $18 an hour. If Carlos uses the boat for 3 hours and Benji uses the raft for 5 hours, how much will they spend together on rent?	180
Andrew plans a road trip from New Jersey to Rochester. It takes 6 days to get from New Jersey to Rochester by bus and half that time by car. So if he plans to go to Rochester by bus and return by car from Rochester how long will he have to travel?	9
James is counting his Pokemon cards. He has 30 fire type, 20 grass type and 40 water type cards. If he loses 8 water-type cards and buys 14 grass-type cards, what is the percent chance (to the nearest whole number) that a card drawn at random is water type?	33
Chad ordered a build-your-own burrito for lunch. A basic burrito costs $6.50. He adds extra meat for $2.00, extra cheese for $1.00, avocado for $1.00, and 2 sauces that cost $0.25 each. He decided to upgrade the meal with chips and a drink for an additional $3.00. He has a $5.00 gift card that he uses when paying. How much does he still have to spend?	9
Kalinda is playing with her mother with a 360 piece puzzle. Kalinda can usually add 4 pieces per minute. As many pieces as Kalinda can add in a minute, her mother can usually only half that amount in a minute. How many hours will it take them to complete this puzzle?	1
A watermelon farm produced 120 small watermelons. Ashlyn visited the farm two months later and found that 30% of the watermelons were ripe for picking, so she brought them home. When he went to the farm two weeks later, he found that 3/4 of the remaining watermelons were ripe for picking, so he picked them. So after two weeks how many watermelons were not suitable for picking?	21
Mark bought 12 cars for his company. Each car is valued at $20,000. He spent 10% tax on each car and $1000 for registration. How much money did he spend on everything?	276,000
Kylie and Robert like to go to the beach and collect oysters. On Monday Robert collected 20 oysters and Kylie collected 5 oysters more than him. Kylie collected twice as many oysters on Tuesday as she did on Monday. How many oysters did Kylie collect on Tuesday?	50
Dax went to their farm to pick apples and saw half as many ants as he saw in the orchard. If there are 50 ants, calculate the total number of ants in the garden.	75
36 penguins sunbathe in the ice. One-third of them jumped off and started swimming in the sea. Another third entered the cave to eat dinner. How many penguins were still sunbathing?	12
Steve decides to start eating more tomatoes and grows his own cherry tomatoes. He eats twice as much as his girlfriend. He eats 6 tomatoes a day. If a vine produces 3 tomatoes per week, how many vines does it need?	21
John ordered some pizza to eat with his friends. There are 20 friends in total, and John wants to make sure that everyone gets 4 pieces. Only pizzas are sold in 8 slices. How many pizzas should John order?	10
Rama uses many pens. He found that he could save money by mixing ink from five empty pens to make one filled pen. If he buys 25 pens and wants to make new pens when the ink runs out, how many pens will he need?	31
Johnny added an extra $10 to his $20 allowance. Then he invested this money which tripled in one year. How much money did he have after one year?	90
Mary is two years younger than Joan, who is five years older than Jess. If Jessa's age is 20 years, what is the sum of the ages of the three girls?	68
The school has 1000 students in one hall. The hall has 3 entrances namely A, B and C, which also serve as exits. If after a meeting 30% of the students leave the hall through exit A, 3/5 of the remaining students leave through exit B and the remaining students leave through exit C, calculate the number of students who left through exit C ?	280
James has 6 more candies than Robert. John has twice as much candy as Robert. If John has 54 candies, how many more candies does John have than James?	21
Dolly has two books. Pandora has one. If Dolly and Pandora read each other's books as well as their own, how many books will they end up reading together?	6
Mike had correspondence with 5 people. He broke up with 2 of them. They each send 2 letters per week that are 5 pages long. He replies in kind. He can write one page every 6 minutes. How many hours a week does he spend writing?	3
Jason has a phone plan of 1000 minutes per month. A daily 15-minute phone call with the boss, and an additional 300 minutes this month to call other people. If this month has 30 days, how many minutes does Jason have left?	250
Griffin had 24 french fries, but Kyle took 5 of them. Billy had twice as many fries as Kyle had. Ginger gave Griffin a handful of her fries and then Colby took 3 fewer fries from Griffin than Kyle had. If Griffin ended up with 27 fries, how many fries did Ginger give Griffin?	20
One aquarium has 4 snails and another aquarium has 32 snails. The difference in the number of snails in two aquariums is twice the number of fish in both aquariums. If there are equal number of fish in both aquariums, how many fish are in each aquarium?	7
Jean's make-up artist charges $250 an hour. He needs very expensive makeup for a movie and it takes 6 hours a day and he has to do it 4 times a week. The movie takes 5 weeks to complete. The make-up artist gave Jean a 10% discount after the completion of the movie for the amount of work. How much did Jean pay?	27000
Isabel bought party supplies for her little sister's birthday party. She spent $12 on cake ingredients, $43 on birthday gifts, $15 on decorations, $4 on invitations, and $22 on goodie bags for party guests. He shared the expenses equally with his mother and father. How many dollars did each spend?	32
A cook bought 4 bags of onions. Each bag weighs 50 pounds. A pound of onions costs $1.50. How much did the cook spend?	300
On Monday, Sue ate 4 times as many cookies as her sister. On Tuesday, she ate twice as many cookies as her sister. Her sister ate 5 cookies on Monday and 13 the next day. If 1 cookie contains 200 calories, how many more calories did Sue consume than her sister?	5,600
